,GEO.id,GEO.id2,GEO.display-label,HD01_VD01,HD02_VD01,income
0,Id,Id2,Geography,Estimate; Total,Margin of Error; Total,Estimate; Per capita income in the past 12 months (in 2017 inflation-adjusted dollars)
1,1500000US250250001001,250250001001,"Block Group 1, Census Tract 1, Suffolk County, Massachusetts",2086,482,25693
2,1500000US250250001002,250250001002,"Block Group 2, Census Tract 1, Suffolk County, Massachusetts",918,274,45835
3,1500000US250250001003,250250001003,"Block Group 3, Census Tract 1, Suffolk County, Massachusetts",536,218,41421
4,1500000US250250001004,250250001004,"Block Group 4, Census Tract 1, Suffolk County, Massachusetts",1128,323,36519
5,1500000US250250002011,250250002011,"Block Group 1, Census Tract 2.01, Suffolk County, Massachusetts",1225,225,32655
6,1500000US250250002012,250250002012,"Block Group 2, Census Tract 2.01, Suffolk County, Massachusetts",624,200,51132
7,1500000US250250002013,250250002013,"Block Group 3, Census Tract 2.01, Suffolk County, Massachusetts",1334,258,43933
8,1500000US250250002014,250250002014,"Block Group 4, Census Tract 2.01, Suffolk County, Massachusetts",674,203,44133
9,1500000US250250002021,250250002021,"Block Group 1, Census Tract 2.02, Suffolk County, Massachusetts",1262,258,43552
10,1500000US250250002022,250250002022,"Block Group 2, Census Tract 2.02, Suffolk County, Massachusetts",992,212,49624
11,1500000US250250002023,250250002023,"Block Group 3, Census Tract 2.02, Suffolk County, Massachusetts",929,281,35713
12,1500000US250250002024,250250002024,"Block Group 4, Census Tract 2.02, Suffolk County, Massachusetts",799,407,8733
13,1500000US250250003011,250250003011,"Block Group 1, Census Tract 3.01, Suffolk County, Massachusetts",679,206,43877
14,1500000US250250003012,250250003012,"Block Group 2, Census Tract 3.01, Suffolk County, Massachusetts",974,249,49749
15,1500000US250250003013,250250003013,"Block Group 3, Census Tract 3.01, Suffolk County, Massachusetts",590,221,45356
16,1500000US250250003014,250250003014,"Block Group 4, Census Tract 3.01, Suffolk County, Massachusetts",662,173,33561
17,1500000US250250003021,250250003021,"Block Group 1, Census Tract 3.02, Suffolk County, Massachusetts",1593,284,41159
18,1500000US250250003022,250250003022,"Block Group 2, Census Tract 3.02, Suffolk County, Massachusetts",1792,483,44610
19,1500000US250250004011,250250004011,"Block Group 1, Census Tract 4.01, Suffolk County, Massachusetts",1211,280,37302
20,1500000US250250004012,250250004012,"Block Group 2, Census Tract 4.01, Suffolk County, Massachusetts",828,270,65141
21,1500000US250250004013,250250004013,"Block Group 3, Census Tract 4.01, Suffolk County, Massachusetts",1084,270,45609
22,1500000US250250004014,250250004014,"Block Group 4, Census Tract 4.01, Suffolk County, Massachusetts",1989,334,23343
23,1500000US250250004021,250250004021,"Block Group 1, Census Tract 4.02, Suffolk County, Massachusetts",1069,205,29925
24,1500000US250250004022,250250004022,"Block Group 2, Census Tract 4.02, Suffolk County, Massachusetts",935,209,34763
25,1500000US250250004023,250250004023,"Block Group 3, Census Tract 4.02, Suffolk County, Massachusetts",1427,249,40934
26,1500000US250250005021,250250005021,"Block Group 1, Census Tract 5.02, Suffolk County, Massachusetts",1014,139,53649
27,1500000US250250005022,250250005022,"Block Group 2, Census Tract 5.02, Suffolk County, Massachusetts",783,190,46900
28,1500000US250250005023,250250005023,"Block Group 3, Census Tract 5.02, Suffolk County, Massachusetts",1250,130,34519
29,1500000US250250005024,250250005024,"Block Group 4, Census Tract 5.02, Suffolk County, Massachusetts",2834,253,4570
30,1500000US250250005031,250250005031,"Block Group 1, Census Tract 5.03, Suffolk County, Massachusetts",789,191,43480
31,1500000US250250005032,250250005032,"Block Group 2, Census Tract 5.03, Suffolk County, Massachusetts",1334,112,46165
32,1500000US250250005041,250250005041,"Block Group 1, Census Tract 5.04, Suffolk County, Massachusetts",1178,367,36385
33,1500000US250250005042,250250005042,"Block Group 2, Census Tract 5.04, Suffolk County, Massachusetts",1433,286,25828
34,1500000US250250005043,250250005043,"Block Group 3, Census Tract 5.04, Suffolk County, Massachusetts",1213,271,48473
35,1500000US250250005044,250250005044,"Block Group 4, Census Tract 5.04, Suffolk County, Massachusetts",625,197,23152
36,1500000US250250006011,250250006011,"Block Group 1, Census Tract 6.01, Suffolk County, Massachusetts",810,244,39785
37,1500000US250250006012,250250006012,"Block Group 2, Census Tract 6.01, Suffolk County, Massachusetts",1315,318,33994
38,1500000US250250006013,250250006013,"Block Group 3, Census Tract 6.01, Suffolk County, Massachusetts",617,152,36496
39,1500000US250250006014,250250006014,"Block Group 4, Census Tract 6.01, Suffolk County, Massachusetts",1058,209,34603
40,1500000US250250006021,250250006021,"Block Group 1, Census Tract 6.02, Suffolk County, Massachusetts",1338,260,29147
41,1500000US250250006022,250250006022,"Block Group 2, Census Tract 6.02, Suffolk County, Massachusetts",1010,291,32119
42,1500000US250250006023,250250006023,"Block Group 3, Census Tract 6.02, Suffolk County, Massachusetts",1548,346,30853
43,1500000US250250007011,250250007011,"Block Group 1, Census Tract 7.01, Suffolk County, Massachusetts",685,262,35448
44,1500000US250250007012,250250007012,"Block Group 2, Census Tract 7.01, Suffolk County, Massachusetts",515,196,22191
45,1500000US250250007013,250250007013,"Block Group 3, Census Tract 7.01, Suffolk County, Massachusetts",582,199,41241
46,1500000US250250007014,250250007014,"Block Group 4, Census Tract 7.01, Suffolk County, Massachusetts",719,269,31024
47,1500000US250250007015,250250007015,"Block Group 5, Census Tract 7.01, Suffolk County, Massachusetts",1795,446,38997
48,1500000US250250007031,250250007031,"Block Group 1, Census Tract 7.03, Suffolk County, Massachusetts",862,160,21550
49,1500000US250250007032,250250007032,"Block Group 2, Census Tract 7.03, Suffolk County, Massachusetts",1064,161,24048
50,1500000US250250007041,250250007041,"Block Group 1, Census Tract 7.04, Suffolk County, Massachusetts",1653,410,35224
51,1500000US250250007042,250250007042,"Block Group 2, Census Tract 7.04, Suffolk County, Massachusetts",764,202,38923
52,1500000US250250007043,250250007043,"Block Group 3, Census Tract 7.04, Suffolk County, Massachusetts",1139,431,42836
53,1500000US250250007044,250250007044,"Block Group 4, Census Tract 7.04, Suffolk County, Massachusetts",1026,259,27482
54,1500000US250250008021,250250008021,"Block Group 1, Census Tract 8.02, Suffolk County, Massachusetts",1046,326,43943
55,1500000US250250008022,250250008022,"Block Group 2, Census Tract 8.02, Suffolk County, Massachusetts",1666,506,31923
56,1500000US250250008023,250250008023,"Block Group 3, Census Tract 8.02, Suffolk County, Massachusetts",665,233,29422
57,1500000US250250008024,250250008024,"Block Group 4, Census Tract 8.02, Suffolk County, Massachusetts",1515,355,33877
58,1500000US250250008025,250250008025,"Block Group 5, Census Tract 8.02, Suffolk County, Massachusetts",1706,362,20478
59,1500000US250250008031,250250008031,"Block Group 1, Census Tract 8.03, Suffolk County, Massachusetts",2622,415,36434
60,1500000US250250008032,250250008032,"Block Group 2, Census Tract 8.03, Suffolk County, Massachusetts",3635,659,14208
61,1500000US250250101031,250250101031,"Block Group 1, Census Tract 101.03, Suffolk County, Massachusetts",1071,219,23086
62,1500000US250250101032,250250101032,"Block Group 2, Census Tract 101.03, Suffolk County, Massachusetts",1148,309,5174
63,1500000US250250101033,250250101033,"Block Group 3, Census Tract 101.03, Suffolk County, Massachusetts",1495,148,4839
64,1500000US250250101041,250250101041,"Block Group 1, Census Tract 101.04, Suffolk County, Massachusetts",1279,186,71444
65,1500000US250250101042,250250101042,"Block Group 2, Census Tract 101.04, Suffolk County, Massachusetts",2522,337,25499
66,1500000US250250101043,250250101043,"Block Group 3, Census Tract 101.04, Suffolk County, Massachusetts",1090,225,30354
67,1500000US250250102031,250250102031,"Block Group 1, Census Tract 102.03, Suffolk County, Massachusetts",1177,291,17580
68,1500000US250250102032,250250102032,"Block Group 2, Census Tract 102.03, Suffolk County, Massachusetts",1973,418,37484
69,1500000US250250102033,250250102033,"Block Group 3, Census Tract 102.03, Suffolk County, Massachusetts",1674,251,41866
70,1500000US250250102034,250250102034,"Block Group 4, Census Tract 102.03, Suffolk County, Massachusetts",350,113,122106
71,1500000US250250102041,250250102041,"Block Group 1, Census Tract 102.04, Suffolk County, Massachusetts",1301,224,9866
72,1500000US250250102042,250250102042,"Block Group 2, Census Tract 102.04, Suffolk County, Massachusetts",1343,190,27407
73,1500000US250250102043,250250102043,"Block Group 3, Census Tract 102.04, Suffolk County, Massachusetts",710,154,27848
74,1500000US250250103001,250250103001,"Block Group 1, Census Tract 103, Suffolk County, Massachusetts",1394,149,5813
75,1500000US250250103002,250250103002,"Block Group 2, Census Tract 103, Suffolk County, Massachusetts",3995,350,7459
76,1500000US250250104031,250250104031,"Block Group 1, Census Tract 104.03, Suffolk County, Massachusetts",1005,197,21226
77,1500000US250250104032,250250104032,"Block Group 2, Census Tract 104.03, Suffolk County, Massachusetts",967,187,35386
78,1500000US250250104033,250250104033,"Block Group 3, Census Tract 104.03, Suffolk County, Massachusetts",897,244,70696
79,1500000US250250104041,250250104041,"Block Group 1, Census Tract 104.04, Suffolk County, Massachusetts",1915,308,17704
80,1500000US250250104042,250250104042,"Block Group 2, Census Tract 104.04, Suffolk County, Massachusetts",1676,270,9710
81,1500000US250250104043,250250104043,"Block Group 3, Census Tract 104.04, Suffolk County, Massachusetts",1543,246,10801
82,1500000US250250104051,250250104051,"Block Group 1, Census Tract 104.05, Suffolk County, Massachusetts",3056,322,5958
83,1500000US250250104052,250250104052,"Block Group 2, Census Tract 104.05, Suffolk County, Massachusetts",2300,213,12206
84,1500000US250250104053,250250104053,"Block Group 3, Census Tract 104.05, Suffolk County, Massachusetts",725,167,14189
85,1500000US250250104081,250250104081,"Block Group 1, Census Tract 104.08, Suffolk County, Massachusetts",1381,121,49915
86,1500000US250250105001,250250105001,"Block Group 1, Census Tract 105, Suffolk County, Massachusetts",1038,263,21087
87,1500000US250250105002,250250105002,"Block Group 2, Census Tract 105, Suffolk County, Massachusetts",1233,223,37217
88,1500000US250250105003,250250105003,"Block Group 3, Census Tract 105, Suffolk County, Massachusetts",1120,257,48741
89,1500000US250250106001,250250106001,"Block Group 1, Census Tract 106, Suffolk County, Massachusetts",2061,325,132930
90,1500000US250250106002,250250106002,"Block Group 2, Census Tract 106, Suffolk County, Massachusetts",1066,251,104116
91,1500000US250250107011,250250107011,"Block Group 1, Census Tract 107.01, Suffolk County, Massachusetts",1135,186,54863
92,1500000US250250107012,250250107012,"Block Group 2, Census Tract 107.01, Suffolk County, Massachusetts",734,168,96941
93,1500000US250250107013,250250107013,"Block Group 3, Census Tract 107.01, Suffolk County, Massachusetts",837,155,73981
94,1500000US250250107021,250250107021,"Block Group 1, Census Tract 107.02, Suffolk County, Massachusetts",806,154,113562
95,1500000US250250107022,250250107022,"Block Group 2, Census Tract 107.02, Suffolk County, Massachusetts",770,134,103816
96,1500000US250250107023,250250107023,"Block Group 3, Census Tract 107.02, Suffolk County, Massachusetts",1011,190,161843
97,1500000US250250108011,250250108011,"Block Group 1, Census Tract 108.01, Suffolk County, Massachusetts",865,188,105121
98,1500000US250250108012,250250108012,"Block Group 2, Census Tract 108.01, Suffolk County, Massachusetts",1226,226,126482
99,1500000US250250108013,250250108013,"Block Group 3, Census Tract 108.01, Suffolk County, Massachusetts",1113,180,114411
100,1500000US250250108021,250250108021,"Block Group 1, Census Tract 108.02, Suffolk County, Massachusetts",1078,183,133388
101,1500000US250250108022,250250108022,"Block Group 2, Census Tract 108.02, Suffolk County, Massachusetts",1502,260,101469
102,1500000US250250108023,250250108023,"Block Group 3, Census Tract 108.02, Suffolk County, Massachusetts",581,126,142765
103,1500000US250250201011,250250201011,"Block Group 1, Census Tract 201.01, Suffolk County, Massachusetts",738,281,107700
104,1500000US250250201012,250250201012,"Block Group 2, Census Tract 201.01, Suffolk County, Massachusetts",972,274,85103
105,1500000US250250201013,250250201013,"Block Group 3, Census Tract 201.01, Suffolk County, Massachusetts",1631,352,94976
106,1500000US250250201014,250250201014,"Block Group 4, Census Tract 201.01, Suffolk County, Massachusetts",1569,355,129916
107,1500000US250250202001,250250202001,"Block Group 1, Census Tract 202, Suffolk County, Massachusetts",1350,255,50523
108,1500000US250250202002,250250202002,"Block Group 2, Census Tract 202, Suffolk County, Massachusetts",1158,182,105016
109,1500000US250250202003,250250202003,"Block Group 3, Census Tract 202, Suffolk County, Massachusetts",1279,291,61483
110,1500000US250250203011,250250203011,"Block Group 1, Census Tract 203.01, Suffolk County, Massachusetts",413,118,10413
111,1500000US250250203012,250250203012,"Block Group 2, Census Tract 203.01, Suffolk County, Massachusetts",1942,216,99079
112,1500000US250250203021,250250203021,"Block Group 1, Census Tract 203.02, Suffolk County, Massachusetts",1054,142,85776
113,1500000US250250203031,250250203031,"Block Group 1, Census Tract 203.03, Suffolk County, Massachusetts",960,181,85616
114,1500000US250250203032,250250203032,"Block Group 2, Census Tract 203.03, Suffolk County, Massachusetts",1343,260,46165
115,1500000US250250203033,250250203033,"Block Group 3, Census Tract 203.03, Suffolk County, Massachusetts",1515,317,61788
116,1500000US250250301001,250250301001,"Block Group 1, Census Tract 301, Suffolk County, Massachusetts",1422,200,71416
117,1500000US250250301002,250250301002,"Block Group 2, Census Tract 301, Suffolk County, Massachusetts",833,136,69766
118,1500000US250250302001,250250302001,"Block Group 1, Census Tract 302, Suffolk County, Massachusetts",1697,163,77964
119,1500000US250250303001,250250303001,"Block Group 1, Census Tract 303, Suffolk County, Massachusetts",2187,387,143313
120,1500000US250250303002,250250303002,"Block Group 2, Census Tract 303, Suffolk County, Massachusetts",1453,518,52230
121,1500000US250250303003,250250303003,"Block Group 3, Census Tract 303, Suffolk County, Massachusetts",1252,325,42539
122,1500000US250250303004,250250303004,"Block Group 4, Census Tract 303, Suffolk County, Massachusetts",690,228,165356
123,1500000US250250304001,250250304001,"Block Group 1, Census Tract 304, Suffolk County, Massachusetts",1541,294,70079
124,1500000US250250304002,250250304002,"Block Group 2, Census Tract 304, Suffolk County, Massachusetts",1206,191,68505
125,1500000US250250305001,250250305001,"Block Group 1, Census Tract 305, Suffolk County, Massachusetts",663,119,161840
126,1500000US250250305002,250250305002,"Block Group 2, Census Tract 305, Suffolk County, Massachusetts",1082,177,102618
127,1500000US250250305003,250250305003,"Block Group 3, Census Tract 305, Suffolk County, Massachusetts",827,184,62180
128,1500000US250250401001,250250401001,"Block Group 1, Census Tract 401, Suffolk County, Massachusetts",1062,226,92621
129,1500000US250250401002,250250401002,"Block Group 2, Census Tract 401, Suffolk County, Massachusetts",1403,223,90503
130,1500000US250250402001,250250402001,"Block Group 1, Census Tract 402, Suffolk County, Massachusetts",917,248,10112
131,1500000US250250402002,250250402002,"Block Group 2, Census Tract 402, Suffolk County, Massachusetts",1007,174,68408
132,1500000US250250403001,250250403001,"Block Group 1, Census Tract 403, Suffolk County, Massachusetts",869,323,9289
133,1500000US250250403002,250250403002,"Block Group 2, Census Tract 403, Suffolk County, Massachusetts",1284,205,110778
134,1500000US250250403003,250250403003,"Block Group 3, Census Tract 403, Suffolk County, Massachusetts",568,154,84754
135,1500000US250250403004,250250403004,"Block Group 4, Census Tract 403, Suffolk County, Massachusetts",700,174,86359
136,1500000US250250403005,250250403005,"Block Group 5, Census Tract 403, Suffolk County, Massachusetts",771,200,72561
137,1500000US250250404011,250250404011,"Block Group 1, Census Tract 404.01, Suffolk County, Massachusetts",2078,259,44440
138,1500000US250250404012,250250404012,"Block Group 2, Census Tract 404.01, Suffolk County, Massachusetts",675,165,88901
139,1500000US250250406001,250250406001,"Block Group 1, Census Tract 406, Suffolk County, Massachusetts",1153,245,59502
140,1500000US250250406002,250250406002,"Block Group 2, Census Tract 406, Suffolk County, Massachusetts",1928,248,87426
141,1500000US250250408011,250250408011,"Block Group 1, Census Tract 408.01, Suffolk County, Massachusetts",1250,297,8331
142,1500000US250250408012,250250408012,"Block Group 2, Census Tract 408.01, Suffolk County, Massachusetts",896,351,10021
143,1500000US250250408013,250250408013,"Block Group 3, Census Tract 408.01, Suffolk County, Massachusetts",2340,259,120109
144,1500000US250250501011,250250501011,"Block Group 1, Census Tract 501.01, Suffolk County, Massachusetts",1968,476,17779
145,1500000US250250501012,250250501012,"Block Group 2, Census Tract 501.01, Suffolk County, Massachusetts",1486,318,18060
146,1500000US250250501013,250250501013,"Block Group 3, Census Tract 501.01, Suffolk County, Massachusetts",1905,458,29055
147,1500000US250250502001,250250502001,"Block Group 1, Census Tract 502, Suffolk County, Massachusetts",2286,646,20995
148,1500000US250250502002,250250502002,"Block Group 2, Census Tract 502, Suffolk County, Massachusetts",1292,370,27740
149,1500000US250250502003,250250502003,"Block Group 3, Census Tract 502, Suffolk County, Massachusetts",1054,408,22409
150,1500000US250250502004,250250502004,"Block Group 4, Census Tract 502, Suffolk County, Massachusetts",1493,515,18028
151,1500000US250250503001,250250503001,"Block Group 1, Census Tract 503, Suffolk County, Massachusetts",649,197,30554
152,1500000US250250503002,250250503002,"Block Group 2, Census Tract 503, Suffolk County, Massachusetts",1639,190,13232
153,1500000US250250504001,250250504001,"Block Group 1, Census Tract 504, Suffolk County, Massachusetts",570,200,46274
154,1500000US250250504002,250250504002,"Block Group 2, Census Tract 504, Suffolk County, Massachusetts",1990,311,31416
155,1500000US250250505001,250250505001,"Block Group 1, Census Tract 505, Suffolk County, Massachusetts",2502,232,22537
156,1500000US250250506001,250250506001,"Block Group 1, Census Tract 506, Suffolk County, Massachusetts",1334,332,27154
157,1500000US250250506002,250250506002,"Block Group 2, Census Tract 506, Suffolk County, Massachusetts",1075,321,36517
158,1500000US250250507001,250250507001,"Block Group 1, Census Tract 507, Suffolk County, Massachusetts",2798,522,19470
159,1500000US250250507002,250250507002,"Block Group 2, Census Tract 507, Suffolk County, Massachusetts",1503,388,25452
160,1500000US250250507003,250250507003,"Block Group 3, Census Tract 507, Suffolk County, Massachusetts",1293,445,29940
161,1500000US250250509011,250250509011,"Block Group 1, Census Tract 509.01, Suffolk County, Massachusetts",1565,423,27351
162,1500000US250250509012,250250509012,"Block Group 2, Census Tract 509.01, Suffolk County, Massachusetts",1873,322,30262
163,1500000US250250509013,250250509013,"Block Group 3, Census Tract 509.01, Suffolk County, Massachusetts",1080,381,15939
164,1500000US250250510001,250250510001,"Block Group 1, Census Tract 510, Suffolk County, Massachusetts",2134,451,28465
165,1500000US250250510002,250250510002,"Block Group 2, Census Tract 510, Suffolk County, Massachusetts",1255,377,20859
166,1500000US250250510003,250250510003,"Block Group 3, Census Tract 510, Suffolk County, Massachusetts",1270,388,31735
167,1500000US250250511011,250250511011,"Block Group 1, Census Tract 511.01, Suffolk County, Massachusetts",2242,644,28029
168,1500000US250250511012,250250511012,"Block Group 2, Census Tract 511.01, Suffolk County, Massachusetts",2185,561,21758
169,1500000US250250511013,250250511013,"Block Group 3, Census Tract 511.01, Suffolk County, Massachusetts",1805,594,29521
170,1500000US250250511014,250250511014,"Block Group 4, Census Tract 511.01, Suffolk County, Massachusetts",1085,331,38641
171,1500000US250250512001,250250512001,"Block Group 1, Census Tract 512, Suffolk County, Massachusetts",204,127,64612
172,1500000US250250512002,250250512002,"Block Group 2, Census Tract 512, Suffolk County, Massachusetts",1805,286,27932
173,1500000US250250512003,250250512003,"Block Group 3, Census Tract 512, Suffolk County, Massachusetts",889,158,57657
174,1500000US250250601011,250250601011,"Block Group 1, Census Tract 601.01, Suffolk County, Massachusetts",1142,238,70600
175,1500000US250250601012,250250601012,"Block Group 2, Census Tract 601.01, Suffolk County, Massachusetts",674,135,62723
176,1500000US250250601013,250250601013,"Block Group 3, Census Tract 601.01, Suffolk County, Massachusetts",1009,232,70513
177,1500000US250250601014,250250601014,"Block Group 4, Census Tract 601.01, Suffolk County, Massachusetts",805,153,68527
178,1500000US250250602001,250250602001,"Block Group 1, Census Tract 602, Suffolk County, Massachusetts",992,213,64892
179,1500000US250250602002,250250602002,"Block Group 2, Census Tract 602, Suffolk County, Massachusetts",1338,278,57558
180,1500000US250250603011,250250603011,"Block Group 1, Census Tract 603.01, Suffolk County, Massachusetts",1354,292,59309
181,1500000US250250603012,250250603012,"Block Group 2, Census Tract 603.01, Suffolk County, Massachusetts",704,245,56191
182,1500000US250250603013,250250603013,"Block Group 3, Census Tract 603.01, Suffolk County, Massachusetts",1524,341,61053
183,1500000US250250604001,250250604001,"Block Group 1, Census Tract 604, Suffolk County, Massachusetts",1396,421,55402
184,1500000US250250604002,250250604002,"Block Group 2, Census Tract 604, Suffolk County, Massachusetts",1230,292,67453
185,1500000US250250604003,250250604003,"Block Group 3, Census Tract 604, Suffolk County, Massachusetts",1206,436,56472
186,1500000US250250604004,250250604004,"Block Group 4, Census Tract 604, Suffolk County, Massachusetts",987,218,59335
187,1500000US250250604005,250250604005,"Block Group 5, Census Tract 604, Suffolk County, Massachusetts",833,285,41902
188,1500000US250250605011,250250605011,"Block Group 1, Census Tract 605.01, Suffolk County, Massachusetts",922,277,58645
189,1500000US250250605012,250250605012,"Block Group 2, Census Tract 605.01, Suffolk County, Massachusetts",1278,291,57236
190,1500000US250250605013,250250605013,"Block Group 3, Census Tract 605.01, Suffolk County, Massachusetts",761,183,69225
191,1500000US250250605014,250250605014,"Block Group 4, Census Tract 605.01, Suffolk County, Massachusetts",727,208,73197
192,1500000US250250605015,250250605015,"Block Group 5, Census Tract 605.01, Suffolk County, Massachusetts",515,144,123244
193,1500000US250250606001,250250606001,"Block Group 1, Census Tract 606, Suffolk County, Massachusetts",3219,292,104150
194,1500000US250250607001,250250607001,"Block Group 1, Census Tract 607, Suffolk County, Massachusetts",955,215,11543
195,1500000US250250607002,250250607002,"Block Group 2, Census Tract 607, Suffolk County, Massachusetts",1669,242,7524
196,1500000US250250608001,250250608001,"Block Group 1, Census Tract 608, Suffolk County, Massachusetts",621,215,66242
197,1500000US250250608002,250250608002,"Block Group 2, Census Tract 608, Suffolk County, Massachusetts",1018,367,58833
198,1500000US250250608003,250250608003,"Block Group 3, Census Tract 608, Suffolk County, Massachusetts",903,264,67813
199,1500000US250250608004,250250608004,"Block Group 4, Census Tract 608, Suffolk County, Massachusetts",1827,405,64911
200,1500000US250250610001,250250610001,"Block Group 1, Census Tract 610, Suffolk County, Massachusetts",1355,332,50676
201,1500000US250250610002,250250610002,"Block Group 2, Census Tract 610, Suffolk County, Massachusetts",1162,374,10015
202,1500000US250250610003,250250610003,"Block Group 3, Census Tract 610, Suffolk County, Massachusetts",777,287,8854
203,1500000US250250611011,250250611011,"Block Group 1, Census Tract 611.01, Suffolk County, Massachusetts",540,135,25595
204,1500000US250250611012,250250611012,"Block Group 2, Census Tract 611.01, Suffolk County, Massachusetts",1723,199,8877
205,1500000US250250612001,250250612001,"Block Group 1, Census Tract 612, Suffolk County, Massachusetts",2499,300,118501
206,1500000US250250612002,250250612002,"Block Group 2, Census Tract 612, Suffolk County, Massachusetts",597,226,39783
207,1500000US250250612003,250250612003,"Block Group 3, Census Tract 612, Suffolk County, Massachusetts",1169,330,46827
208,1500000US250250701011,250250701011,"Block Group 1, Census Tract 701.01, Suffolk County, Massachusetts",1056,271,132239
209,1500000US250250701012,250250701012,"Block Group 2, Census Tract 701.01, Suffolk County, Massachusetts",441,214,82748
210,1500000US250250701013,250250701013,"Block Group 3, Census Tract 701.01, Suffolk County, Massachusetts",824,269,59684
211,1500000US250250701014,250250701014,"Block Group 4, Census Tract 701.01, Suffolk County, Massachusetts",1875,376,56494
212,1500000US250250701015,250250701015,"Block Group 5, Census Tract 701.01, Suffolk County, Massachusetts",306,271,107082
213,1500000US250250701016,250250701016,"Block Group 6, Census Tract 701.01, Suffolk County, Massachusetts",562,152,114320
214,1500000US250250701017,250250701017,"Block Group 7, Census Tract 701.01, Suffolk County, Massachusetts",1075,282,39265
215,1500000US250250701018,250250701018,"Block Group 8, Census Tract 701.01, Suffolk County, Massachusetts",357,99,89477
216,1500000US250250702001,250250702001,"Block Group 1, Census Tract 702, Suffolk County, Massachusetts",1114,381,18453
217,1500000US250250702002,250250702002,"Block Group 2, Census Tract 702, Suffolk County, Massachusetts",1108,285,12814
218,1500000US250250702003,250250702003,"Block Group 3, Census Tract 702, Suffolk County, Massachusetts",3281,358,30957
219,1500000US250250703001,250250703001,"Block Group 1, Census Tract 703, Suffolk County, Massachusetts",1142,234,136735
220,1500000US250250703002,250250703002,"Block Group 2, Census Tract 703, Suffolk County, Massachusetts",854,265,76864
221,1500000US250250703003,250250703003,"Block Group 3, Census Tract 703, Suffolk County, Massachusetts",1198,315,80359
222,1500000US250250703004,250250703004,"Block Group 4, Census Tract 703, Suffolk County, Massachusetts",1259,361,110619
223,1500000US250250704021,250250704021,"Block Group 1, Census Tract 704.02, Suffolk County, Massachusetts",2207,209,27813
224,1500000US250250705001,250250705001,"Block Group 1, Census Tract 705, Suffolk County, Massachusetts",2110,304,132331
225,1500000US250250705002,250250705002,"Block Group 2, Census Tract 705, Suffolk County, Massachusetts",506,224,10879
226,1500000US250250705003,250250705003,"Block Group 3, Census Tract 705, Suffolk County, Massachusetts",1743,346,96688
227,1500000US250250705004,250250705004,"Block Group 4, Census Tract 705, Suffolk County, Massachusetts",1546,465,46733
228,1500000US250250706001,250250706001,"Block Group 1, Census Tract 706, Suffolk County, Massachusetts",1128,248,80246
229,1500000US250250706002,250250706002,"Block Group 2, Census Tract 706, Suffolk County, Massachusetts",1379,280,120322
230,1500000US250250707001,250250707001,"Block Group 1, Census Tract 707, Suffolk County, Massachusetts",1200,226,117733
231,1500000US250250707002,250250707002,"Block Group 2, Census Tract 707, Suffolk County, Massachusetts",1583,288,78968
232,1500000US250250708001,250250708001,"Block Group 1, Census Tract 708, Suffolk County, Massachusetts",1487,266,69373
233,1500000US250250708002,250250708002,"Block Group 2, Census Tract 708, Suffolk County, Massachusetts",1036,270,62236
234,1500000US250250708003,250250708003,"Block Group 3, Census Tract 708, Suffolk County, Massachusetts",929,199,91510
235,1500000US250250709001,250250709001,"Block Group 1, Census Tract 709, Suffolk County, Massachusetts",2040,254,72854
236,1500000US250250709002,250250709002,"Block Group 2, Census Tract 709, Suffolk County, Massachusetts",926,284,36066
237,1500000US250250711011,250250711011,"Block Group 1, Census Tract 711.01, Suffolk County, Massachusetts",1866,399,63600
238,1500000US250250711012,250250711012,"Block Group 2, Census Tract 711.01, Suffolk County, Massachusetts",1582,378,63557
239,1500000US250250711013,250250711013,"Block Group 3, Census Tract 711.01, Suffolk County, Massachusetts",738,272,24398
240,1500000US250250712011,250250712011,"Block Group 1, Census Tract 712.01, Suffolk County, Massachusetts",2035,485,74947
241,1500000US250250712012,250250712012,"Block Group 2, Census Tract 712.01, Suffolk County, Massachusetts",1546,332,15563
242,1500000US250250801001,250250801001,"Block Group 1, Census Tract 801, Suffolk County, Massachusetts",2142,279,13827
243,1500000US250250801002,250250801002,"Block Group 2, Census Tract 801, Suffolk County, Massachusetts",582,221,16779
244,1500000US250250803001,250250803001,"Block Group 1, Census Tract 803, Suffolk County, Massachusetts",2342,375,21653
245,1500000US250250804011,250250804011,"Block Group 1, Census Tract 804.01, Suffolk County, Massachusetts",1476,342,20922
246,1500000US250250804012,250250804012,"Block Group 2, Census Tract 804.01, Suffolk County, Massachusetts",1615,270,20623
247,1500000US250250805001,250250805001,"Block Group 1, Census Tract 805, Suffolk County, Massachusetts",1028,238,21563
248,1500000US250250805002,250250805002,"Block Group 2, Census Tract 805, Suffolk County, Massachusetts",2095,322,13078
249,1500000US250250806011,250250806011,"Block Group 1, Census Tract 806.01, Suffolk County, Massachusetts",2977,712,8383
250,1500000US250250806012,250250806012,"Block Group 2, Census Tract 806.01, Suffolk County, Massachusetts",966,285,8063
251,1500000US250250806013,250250806013,"Block Group 3, Census Tract 806.01, Suffolk County, Massachusetts",391,93,19514
252,1500000US250250808011,250250808011,"Block Group 1, Census Tract 808.01, Suffolk County, Massachusetts",2653,600,6924
253,1500000US250250808012,250250808012,"Block Group 2, Census Tract 808.01, Suffolk County, Massachusetts",1840,258,15118
254,1500000US250250809001,250250809001,"Block Group 1, Census Tract 809, Suffolk County, Massachusetts",1245,245,34576
255,1500000US250250809002,250250809002,"Block Group 2, Census Tract 809, Suffolk County, Massachusetts",1507,338,22228
256,1500000US250250809003,250250809003,"Block Group 3, Census Tract 809, Suffolk County, Massachusetts",1034,231,26634
257,1500000US250250810011,250250810011,"Block Group 1, Census Tract 810.01, Suffolk County, Massachusetts",625,307,17739
258,1500000US250250810012,250250810012,"Block Group 2, Census Tract 810.01, Suffolk County, Massachusetts",2430,365,16671
259,1500000US250250810013,250250810013,"Block Group 3, Census Tract 810.01, Suffolk County, Massachusetts",833,291,33283
260,1500000US250250810014,250250810014,"Block Group 4, Census Tract 810.01, Suffolk County, Massachusetts",1105,297,15196
261,1500000US250250811001,250250811001,"Block Group 1, Census Tract 811, Suffolk County, Massachusetts",1352,290,24925
262,1500000US250250811002,250250811002,"Block Group 2, Census Tract 811, Suffolk County, Massachusetts",1808,238,25100
263,1500000US250250811003,250250811003,"Block Group 3, Census Tract 811, Suffolk County, Massachusetts",974,185,48025
264,1500000US250250812001,250250812001,"Block Group 1, Census Tract 812, Suffolk County, Massachusetts",2050,419,9783
265,1500000US250250812002,250250812002,"Block Group 2, Census Tract 812, Suffolk County, Massachusetts",1527,312,29060
266,1500000US250250813001,250250813001,"Block Group 1, Census Tract 813, Suffolk County, Massachusetts",1785,536,13961
267,1500000US250250813002,250250813002,"Block Group 2, Census Tract 813, Suffolk County, Massachusetts",2179,519,17614
268,1500000US250250813003,250250813003,"Block Group 3, Census Tract 813, Suffolk County, Massachusetts",1609,579,18578
269,1500000US250250814001,250250814001,"Block Group 1, Census Tract 814, Suffolk County, Massachusetts",821,178,32500
270,1500000US250250814002,250250814002,"Block Group 2, Census Tract 814, Suffolk County, Massachusetts",693,233,32968
271,1500000US250250814003,250250814003,"Block Group 3, Census Tract 814, Suffolk County, Massachusetts",1406,247,24748
272,1500000US250250815001,250250815001,"Block Group 1, Census Tract 815, Suffolk County, Massachusetts",901,321,27530
273,1500000US250250815002,250250815002,"Block Group 2, Census Tract 815, Suffolk County, Massachusetts",1552,330,18503
274,1500000US250250817001,250250817001,"Block Group 1, Census Tract 817, Suffolk County, Massachusetts",481,205,13277
275,1500000US250250817002,250250817002,"Block Group 2, Census Tract 817, Suffolk County, Massachusetts",815,260,32490
276,1500000US250250817003,250250817003,"Block Group 3, Census Tract 817, Suffolk County, Massachusetts",719,300,18548
277,1500000US250250817004,250250817004,"Block Group 4, Census Tract 817, Suffolk County, Massachusetts",732,275,15284
278,1500000US250250817005,250250817005,"Block Group 5, Census Tract 817, Suffolk County, Massachusetts",1135,444,31680
279,1500000US250250818001,250250818001,"Block Group 1, Census Tract 818, Suffolk County, Massachusetts",1050,584,19125
280,1500000US250250818002,250250818002,"Block Group 2, Census Tract 818, Suffolk County, Massachusetts",1439,417,29402
281,1500000US250250818003,250250818003,"Block Group 3, Census Tract 818, Suffolk County, Massachusetts",1046,442,9257
282,1500000US250250819001,250250819001,"Block Group 1, Census Tract 819, Suffolk County, Massachusetts",928,308,24782
283,1500000US250250819002,250250819002,"Block Group 2, Census Tract 819, Suffolk County, Massachusetts",826,209,12465
284,1500000US250250819003,250250819003,"Block Group 3, Census Tract 819, Suffolk County, Massachusetts",744,416,14924
285,1500000US250250819004,250250819004,"Block Group 4, Census Tract 819, Suffolk County, Massachusetts",1049,315,12176
286,1500000US250250820001,250250820001,"Block Group 1, Census Tract 820, Suffolk County, Massachusetts",1415,388,25450
287,1500000US250250820002,250250820002,"Block Group 2, Census Tract 820, Suffolk County, Massachusetts",472,191,29343
288,1500000US250250820003,250250820003,"Block Group 3, Census Tract 820, Suffolk County, Massachusetts",1020,393,19522
289,1500000US250250821001,250250821001,"Block Group 1, Census Tract 821, Suffolk County, Massachusetts",593,289,17165
290,1500000US250250821002,250250821002,"Block Group 2, Census Tract 821, Suffolk County, Massachusetts",2501,715,10659
291,1500000US250250821003,250250821003,"Block Group 3, Census Tract 821, Suffolk County, Massachusetts",2302,503,31722
292,1500000US250250901001,250250901001,"Block Group 1, Census Tract 901, Suffolk County, Massachusetts",1463,260,15477
293,1500000US250250901002,250250901002,"Block Group 2, Census Tract 901, Suffolk County, Massachusetts",737,251,18020
294,1500000US250250901003,250250901003,"Block Group 3, Census Tract 901, Suffolk County, Massachusetts",792,246,18943
295,1500000US250250901004,250250901004,"Block Group 4, Census Tract 901, Suffolk County, Massachusetts",1255,376,17451
296,1500000US250250901005,250250901005,"Block Group 5, Census Tract 901, Suffolk County, Massachusetts",702,277,17532
297,1500000US250250902001,250250902001,"Block Group 1, Census Tract 902, Suffolk County, Massachusetts",730,183,14614
298,1500000US250250902002,250250902002,"Block Group 2, Census Tract 902, Suffolk County, Massachusetts",860,206,11611
299,1500000US250250902003,250250902003,"Block Group 3, Census Tract 902, Suffolk County, Massachusetts",865,241,13310
300,1500000US250250903001,250250903001,"Block Group 1, Census Tract 903, Suffolk County, Massachusetts",1008,386,12138
301,1500000US250250903002,250250903002,"Block Group 2, Census Tract 903, Suffolk County, Massachusetts",1507,303,16820
302,1500000US250250903003,250250903003,"Block Group 3, Census Tract 903, Suffolk County, Massachusetts",874,398,19584
303,1500000US250250904001,250250904001,"Block Group 1, Census Tract 904, Suffolk County, Massachusetts",474,197,15450
304,1500000US250250904002,250250904002,"Block Group 2, Census Tract 904, Suffolk County, Massachusetts",2251,612,17619
305,1500000US250250904003,250250904003,"Block Group 3, Census Tract 904, Suffolk County, Massachusetts",760,392,13702
306,1500000US250250904004,250250904004,"Block Group 4, Census Tract 904, Suffolk County, Massachusetts",825,390,22101
307,1500000US250250906001,250250906001,"Block Group 1, Census Tract 906, Suffolk County, Massachusetts",1113,299,21501
308,1500000US250250906002,250250906002,"Block Group 2, Census Tract 906, Suffolk County, Massachusetts",1329,243,17071
309,1500000US250250907001,250250907001,"Block Group 1, Census Tract 907, Suffolk County, Massachusetts",1059,358,31185
310,1500000US250250907002,250250907002,"Block Group 2, Census Tract 907, Suffolk County, Massachusetts",1075,247,43464
311,1500000US250250907003,250250907003,"Block Group 3, Census Tract 907, Suffolk County, Massachusetts",1263,270,32145
312,1500000US250250907004,250250907004,"Block Group 4, Census Tract 907, Suffolk County, Massachusetts",782,352,34740
313,1500000US250250909011,250250909011,"Block Group 1, Census Tract 909.01, Suffolk County, Massachusetts",1958,326,14629
314,1500000US250250909012,250250909012,"Block Group 2, Census Tract 909.01, Suffolk County, Massachusetts",1895,301,22121
315,1500000US250250910011,250250910011,"Block Group 1, Census Tract 910.01, Suffolk County, Massachusetts",833,227,36571
316,1500000US250250910012,250250910012,"Block Group 2, Census Tract 910.01, Suffolk County, Massachusetts",882,292,51408
317,1500000US250250910013,250250910013,"Block Group 3, Census Tract 910.01, Suffolk County, Massachusetts",523,165,59276
318,1500000US250250910014,250250910014,"Block Group 4, Census Tract 910.01, Suffolk County, Massachusetts",808,194,43836
319,1500000US250250911001,250250911001,"Block Group 1, Census Tract 911, Suffolk County, Massachusetts",1665,357,41203
320,1500000US250250911002,250250911002,"Block Group 2, Census Tract 911, Suffolk County, Massachusetts",1014,236,38046
321,1500000US250250911003,250250911003,"Block Group 3, Census Tract 911, Suffolk County, Massachusetts",851,358,28150
322,1500000US250250911004,250250911004,"Block Group 4, Census Tract 911, Suffolk County, Massachusetts",857,284,37278
323,1500000US250250911005,250250911005,"Block Group 5, Census Tract 911, Suffolk County, Massachusetts",657,209,40107
324,1500000US250250912001,250250912001,"Block Group 1, Census Tract 912, Suffolk County, Massachusetts",1273,314,35764
325,1500000US250250912002,250250912002,"Block Group 2, Census Tract 912, Suffolk County, Massachusetts",1053,292,34514
326,1500000US250250912003,250250912003,"Block Group 3, Census Tract 912, Suffolk County, Massachusetts",696,190,51952
327,1500000US250250913001,250250913001,"Block Group 1, Census Tract 913, Suffolk County, Massachusetts",1227,236,21967
328,1500000US250250913002,250250913002,"Block Group 2, Census Tract 913, Suffolk County, Massachusetts",1332,231,14958
329,1500000US250250914001,250250914001,"Block Group 1, Census Tract 914, Suffolk County, Massachusetts",1929,268,25249
330,1500000US250250914002,250250914002,"Block Group 2, Census Tract 914, Suffolk County, Massachusetts",1160,254,20350
331,1500000US250250915001,250250915001,"Block Group 1, Census Tract 915, Suffolk County, Massachusetts",2162,429,24227
332,1500000US250250915002,250250915002,"Block Group 2, Census Tract 915, Suffolk County, Massachusetts",2031,371,33930
333,1500000US250250915003,250250915003,"Block Group 3, Census Tract 915, Suffolk County, Massachusetts",1013,337,16283
334,1500000US250250916001,250250916001,"Block Group 1, Census Tract 916, Suffolk County, Massachusetts",1595,378,25100
335,1500000US250250916002,250250916002,"Block Group 2, Census Tract 916, Suffolk County, Massachusetts",1056,364,18829
336,1500000US250250916003,250250916003,"Block Group 3, Census Tract 916, Suffolk County, Massachusetts",307,130,22510
337,1500000US250250917001,250250917001,"Block Group 1, Census Tract 917, Suffolk County, Massachusetts",1313,279,19187
338,1500000US250250917002,250250917002,"Block Group 2, Census Tract 917, Suffolk County, Massachusetts",1168,301,19088
339,1500000US250250917003,250250917003,"Block Group 3, Census Tract 917, Suffolk County, Massachusetts",764,235,17057
340,1500000US250250918001,250250918001,"Block Group 1, Census Tract 918, Suffolk County, Massachusetts",1256,351,21011
341,1500000US250250918002,250250918002,"Block Group 2, Census Tract 918, Suffolk County, Massachusetts",1457,400,17735
342,1500000US250250918003,250250918003,"Block Group 3, Census Tract 918, Suffolk County, Massachusetts",918,348,14866
343,1500000US250250919001,250250919001,"Block Group 1, Census Tract 919, Suffolk County, Massachusetts",1233,336,23397
344,1500000US250250919002,250250919002,"Block Group 2, Census Tract 919, Suffolk County, Massachusetts",760,283,19559
345,1500000US250250919003,250250919003,"Block Group 3, Census Tract 919, Suffolk County, Massachusetts",1445,397,23170
346,1500000US250250919004,250250919004,"Block Group 4, Census Tract 919, Suffolk County, Massachusetts",572,220,37737
347,1500000US250250920001,250250920001,"Block Group 1, Census Tract 920, Suffolk County, Massachusetts",1514,384,21859
348,1500000US250250920002,250250920002,"Block Group 2, Census Tract 920, Suffolk County, Massachusetts",1623,346,27166
349,1500000US250250920003,250250920003,"Block Group 3, Census Tract 920, Suffolk County, Massachusetts",901,393,15274
350,1500000US250250920004,250250920004,"Block Group 4, Census Tract 920, Suffolk County, Massachusetts",1387,347,18622
351,1500000US250250921011,250250921011,"Block Group 1, Census Tract 921.01, Suffolk County, Massachusetts",837,488,26226
352,1500000US250250921012,250250921012,"Block Group 2, Census Tract 921.01, Suffolk County, Massachusetts",1264,537,21152
353,1500000US250250921013,250250921013,"Block Group 3, Census Tract 921.01, Suffolk County, Massachusetts",1264,504,30884
354,1500000US250250921014,250250921014,"Block Group 4, Census Tract 921.01, Suffolk County, Massachusetts",871,384,39695
355,1500000US250250921015,250250921015,"Block Group 5, Census Tract 921.01, Suffolk County, Massachusetts",2905,796,24478
356,1500000US250250922001,250250922001,"Block Group 1, Census Tract 922, Suffolk County, Massachusetts",1117,353,36086
357,1500000US250250922002,250250922002,"Block Group 2, Census Tract 922, Suffolk County, Massachusetts",853,398,27551
358,1500000US250250922003,250250922003,"Block Group 3, Census Tract 922, Suffolk County, Massachusetts",802,240,31440
359,1500000US250250922004,250250922004,"Block Group 4, Census Tract 922, Suffolk County, Massachusetts",493,138,37073
360,1500000US250250923001,250250923001,"Block Group 1, Census Tract 923, Suffolk County, Massachusetts",822,228,20475
361,1500000US250250923002,250250923002,"Block Group 2, Census Tract 923, Suffolk County, Massachusetts",736,169,20651
362,1500000US250250923003,250250923003,"Block Group 3, Census Tract 923, Suffolk County, Massachusetts",1332,279,20907
363,1500000US250250923004,250250923004,"Block Group 4, Census Tract 923, Suffolk County, Massachusetts",629,219,23332
364,1500000US250250924001,250250924001,"Block Group 1, Census Tract 924, Suffolk County, Massachusetts",694,402,13851
365,1500000US250250924002,250250924002,"Block Group 2, Census Tract 924, Suffolk County, Massachusetts",1281,423,12462
366,1500000US250250924003,250250924003,"Block Group 3, Census Tract 924, Suffolk County, Massachusetts",2020,619,16914
367,1500000US250250924004,250250924004,"Block Group 4, Census Tract 924, Suffolk County, Massachusetts",1213,441,14789
368,1500000US250250924005,250250924005,"Block Group 5, Census Tract 924, Suffolk County, Massachusetts",776,327,13297
369,1500000US250251001001,250251001001,"Block Group 1, Census Tract 1001, Suffolk County, Massachusetts",525,187,17614
370,1500000US250251001002,250251001002,"Block Group 2, Census Tract 1001, Suffolk County, Massachusetts",1313,412,24225
371,1500000US250251001003,250251001003,"Block Group 3, Census Tract 1001, Suffolk County, Massachusetts",1499,523,17056
372,1500000US250251001004,250251001004,"Block Group 4, Census Tract 1001, Suffolk County, Massachusetts",805,264,19826
373,1500000US250251001005,250251001005,"Block Group 5, Census Tract 1001, Suffolk County, Massachusetts",404,199,13961
374,1500000US250251001006,250251001006,"Block Group 6, Census Tract 1001, Suffolk County, Massachusetts",1445,323,8853
375,1500000US250251001007,250251001007,"Block Group 7, Census Tract 1001, Suffolk County, Massachusetts",751,222,14629
376,1500000US250251002001,250251002001,"Block Group 1, Census Tract 1002, Suffolk County, Massachusetts",1110,209,27175
377,1500000US250251002002,250251002002,"Block Group 2, Census Tract 1002, Suffolk County, Massachusetts",612,233,12349
378,1500000US250251002003,250251002003,"Block Group 3, Census Tract 1002, Suffolk County, Massachusetts",1451,248,17667
379,1500000US250251003001,250251003001,"Block Group 1, Census Tract 1003, Suffolk County, Massachusetts",1489,425,31216
380,1500000US250251003002,250251003002,"Block Group 2, Census Tract 1003, Suffolk County, Massachusetts",1097,266,20028
381,1500000US250251003003,250251003003,"Block Group 3, Census Tract 1003, Suffolk County, Massachusetts",623,219,33495
382,1500000US250251003004,250251003004,"Block Group 4, Census Tract 1003, Suffolk County, Massachusetts",855,305,16074
383,1500000US250251004001,250251004001,"Block Group 1, Census Tract 1004, Suffolk County, Massachusetts",1491,416,24500
384,1500000US250251004002,250251004002,"Block Group 2, Census Tract 1004, Suffolk County, Massachusetts",1323,505,25864
385,1500000US250251004003,250251004003,"Block Group 3, Census Tract 1004, Suffolk County, Massachusetts",932,346,24094
386,1500000US250251004004,250251004004,"Block Group 4, Census Tract 1004, Suffolk County, Massachusetts",1921,559,20407
387,1500000US250251005001,250251005001,"Block Group 1, Census Tract 1005, Suffolk County, Massachusetts",1042,398,33586
388,1500000US250251005002,250251005002,"Block Group 2, Census Tract 1005, Suffolk County, Massachusetts",1116,279,52497
389,1500000US250251005003,250251005003,"Block Group 3, Census Tract 1005, Suffolk County, Massachusetts",1065,461,23047
390,1500000US250251005004,250251005004,"Block Group 4, Census Tract 1005, Suffolk County, Massachusetts",2268,835,13639
391,1500000US250251005005,250251005005,"Block Group 5, Census Tract 1005, Suffolk County, Massachusetts",1846,638,16188
392,1500000US250251006011,250251006011,"Block Group 1, Census Tract 1006.01, Suffolk County, Massachusetts",1018,406,41047
393,1500000US250251006012,250251006012,"Block Group 2, Census Tract 1006.01, Suffolk County, Massachusetts",1137,534,24329
394,1500000US250251006013,250251006013,"Block Group 3, Census Tract 1006.01, Suffolk County, Massachusetts",1793,533,28840
395,1500000US250251006014,250251006014,"Block Group 4, Census Tract 1006.01, Suffolk County, Massachusetts",1955,403,36340
396,1500000US250251006031,250251006031,"Block Group 1, Census Tract 1006.03, Suffolk County, Massachusetts",1402,243,45204
397,1500000US250251006032,250251006032,"Block Group 2, Census Tract 1006.03, Suffolk County, Massachusetts",690,191,45749
398,1500000US250251007001,250251007001,"Block Group 1, Census Tract 1007, Suffolk County, Massachusetts",886,272,47159
399,1500000US250251007002,250251007002,"Block Group 2, Census Tract 1007, Suffolk County, Massachusetts",1117,300,31415
400,1500000US250251007003,250251007003,"Block Group 3, Census Tract 1007, Suffolk County, Massachusetts",736,281,43917
401,1500000US250251007004,250251007004,"Block Group 4, Census Tract 1007, Suffolk County, Massachusetts",962,280,36743
402,1500000US250251007005,250251007005,"Block Group 5, Census Tract 1007, Suffolk County, Massachusetts",716,289,46923
403,1500000US250251008001,250251008001,"Block Group 1, Census Tract 1008, Suffolk County, Massachusetts",634,471,56359
404,1500000US250251008002,250251008002,"Block Group 2, Census Tract 1008, Suffolk County, Massachusetts",972,310,28762
405,1500000US250251008003,250251008003,"Block Group 3, Census Tract 1008, Suffolk County, Massachusetts",794,314,60403
406,1500000US250251008004,250251008004,"Block Group 4, Census Tract 1008, Suffolk County, Massachusetts",1753,561,40094
407,1500000US250251008005,250251008005,"Block Group 5, Census Tract 1008, Suffolk County, Massachusetts",948,381,49824
408,1500000US250251008006,250251008006,"Block Group 6, Census Tract 1008, Suffolk County, Massachusetts",1482,505,39368
409,1500000US250251009001,250251009001,"Block Group 1, Census Tract 1009, Suffolk County, Massachusetts",689,211,27179
410,1500000US250251009002,250251009002,"Block Group 2, Census Tract 1009, Suffolk County, Massachusetts",659,313,28400
411,1500000US250251009003,250251009003,"Block Group 3, Census Tract 1009, Suffolk County, Massachusetts",977,265,39812
412,1500000US250251009004,250251009004,"Block Group 4, Census Tract 1009, Suffolk County, Massachusetts",730,311,27661
413,1500000US250251009005,250251009005,"Block Group 5, Census Tract 1009, Suffolk County, Massachusetts",1141,348,35968
414,1500000US250251010011,250251010011,"Block Group 1, Census Tract 1010.01, Suffolk County, Massachusetts",411,206,32054
415,1500000US250251010012,250251010012,"Block Group 2, Census Tract 1010.01, Suffolk County, Massachusetts",618,296,24791
416,1500000US250251010013,250251010013,"Block Group 3, Census Tract 1010.01, Suffolk County, Massachusetts",627,309,22420
417,1500000US250251010014,250251010014,"Block Group 4, Census Tract 1010.01, Suffolk County, Massachusetts",1865,723,15141
418,1500000US250251010015,250251010015,"Block Group 5, Census Tract 1010.01, Suffolk County, Massachusetts",912,388,48255
419,1500000US250251010016,250251010016,"Block Group 6, Census Tract 1010.01, Suffolk County, Massachusetts",1912,924,21847
420,1500000US250251010021,250251010021,"Block Group 1, Census Tract 1010.02, Suffolk County, Massachusetts",1012,369,12155
421,1500000US250251010022,250251010022,"Block Group 2, Census Tract 1010.02, Suffolk County, Massachusetts",2457,578,26545
422,1500000US250251010023,250251010023,"Block Group 3, Census Tract 1010.02, Suffolk County, Massachusetts",2310,527,24217
423,1500000US250251011011,250251011011,"Block Group 1, Census Tract 1011.01, Suffolk County, Massachusetts",1030,393,15300
424,1500000US250251011012,250251011012,"Block Group 2, Census Tract 1011.01, Suffolk County, Massachusetts",1255,296,21335
425,1500000US250251011013,250251011013,"Block Group 3, Census Tract 1011.01, Suffolk County, Massachusetts",1504,304,24608
426,1500000US250251011021,250251011021,"Block Group 1, Census Tract 1011.02, Suffolk County, Massachusetts",1020,312,15861
427,1500000US250251011022,250251011022,"Block Group 2, Census Tract 1011.02, Suffolk County, Massachusetts",1641,369,16346
428,1500000US250251011023,250251011023,"Block Group 3, Census Tract 1011.02, Suffolk County, Massachusetts",1067,343,20228
429,1500000US250251011024,250251011024,"Block Group 4, Census Tract 1011.02, Suffolk County, Massachusetts",1340,408,21922
430,1500000US250251101031,250251101031,"Block Group 1, Census Tract 1101.03, Suffolk County, Massachusetts",833,319,46397
431,1500000US250251101032,250251101032,"Block Group 2, Census Tract 1101.03, Suffolk County, Massachusetts",660,434,19304
432,1500000US250251101033,250251101033,"Block Group 3, Census Tract 1101.03, Suffolk County, Massachusetts",271,169,11810
433,1500000US250251101034,250251101034,"Block Group 4, Census Tract 1101.03, Suffolk County, Massachusetts",789,347,22698
434,1500000US250251101035,250251101035,"Block Group 5, Census Tract 1101.03, Suffolk County, Massachusetts",1708,506,50062
435,1500000US250251101036,250251101036,"Block Group 6, Census Tract 1101.03, Suffolk County, Massachusetts",954,342,50435
436,1500000US250251101037,250251101037,"Block Group 7, Census Tract 1101.03, Suffolk County, Massachusetts",1088,488,18464
437,1500000US250251102011,250251102011,"Block Group 1, Census Tract 1102.01, Suffolk County, Massachusetts",2512,226,25685
438,1500000US250251103011,250251103011,"Block Group 1, Census Tract 1103.01, Suffolk County, Massachusetts",1262,234,32904
439,1500000US250251103012,250251103012,"Block Group 2, Census Tract 1103.01, Suffolk County, Massachusetts",1429,197,39908
440,1500000US250251104011,250251104011,"Block Group 1, Census Tract 1104.01, Suffolk County, Massachusetts",1564,330,21100
441,1500000US250251104012,250251104012,"Block Group 2, Census Tract 1104.01, Suffolk County, Massachusetts",2204,370,35861
442,1500000US250251104031,250251104031,"Block Group 1, Census Tract 1104.03, Suffolk County, Massachusetts",1302,341,34217
443,1500000US250251104032,250251104032,"Block Group 2, Census Tract 1104.03, Suffolk County, Massachusetts",932,287,35571
444,1500000US250251104033,250251104033,"Block Group 3, Census Tract 1104.03, Suffolk County, Massachusetts",494,203,37023
445,1500000US250251104034,250251104034,"Block Group 4, Census Tract 1104.03, Suffolk County, Massachusetts",970,218,40229
446,1500000US250251104035,250251104035,"Block Group 5, Census Tract 1104.03, Suffolk County, Massachusetts",806,260,55607
447,1500000US250251105011,250251105011,"Block Group 1, Census Tract 1105.01, Suffolk County, Massachusetts",1165,309,27776
448,1500000US250251105012,250251105012,"Block Group 2, Census Tract 1105.01, Suffolk County, Massachusetts",1379,241,48243
449,1500000US250251105013,250251105013,"Block Group 3, Census Tract 1105.01, Suffolk County, Massachusetts",1000,208,57331
450,1500000US250251105021,250251105021,"Block Group 1, Census Tract 1105.02, Suffolk County, Massachusetts",1741,465,37424
451,1500000US250251105022,250251105022,"Block Group 2, Census Tract 1105.02, Suffolk County, Massachusetts",2344,400,40030
452,1500000US250251105023,250251105023,"Block Group 3, Census Tract 1105.02, Suffolk County, Massachusetts",571,178,45610
453,1500000US250251106011,250251106011,"Block Group 1, Census Tract 1106.01, Suffolk County, Massachusetts",1916,231,56396
454,1500000US250251106012,250251106012,"Block Group 2, Census Tract 1106.01, Suffolk County, Massachusetts",1075,216,56534
455,1500000US250251106071,250251106071,"Block Group 1, Census Tract 1106.07, Suffolk County, Massachusetts",857,267,67812
456,1500000US250251106072,250251106072,"Block Group 2, Census Tract 1106.07, Suffolk County, Massachusetts",1696,327,57176
457,1500000US250251106073,250251106073,"Block Group 3, Census Tract 1106.07, Suffolk County, Massachusetts",1803,395,55014
458,1500000US250251106074,250251106074,"Block Group 4, Census Tract 1106.07, Suffolk County, Massachusetts",996,198,36048
459,1500000US250251201031,250251201031,"Block Group 1, Census Tract 1201.03, Suffolk County, Massachusetts",1700,155,71605
460,1500000US250251201041,250251201041,"Block Group 1, Census Tract 1201.04, Suffolk County, Massachusetts",531,140,71059
461,1500000US250251201042,250251201042,"Block Group 2, Census Tract 1201.04, Suffolk County, Massachusetts",906,176,29777
462,1500000US250251201043,250251201043,"Block Group 3, Census Tract 1201.04, Suffolk County, Massachusetts",866,170,59563
463,1500000US250251201051,250251201051,"Block Group 1, Census Tract 1201.05, Suffolk County, Massachusetts",1181,451,38263
464,1500000US250251201052,250251201052,"Block Group 2, Census Tract 1201.05, Suffolk County, Massachusetts",1022,138,99082
465,1500000US250251201053,250251201053,"Block Group 3, Census Tract 1201.05, Suffolk County, Massachusetts",553,114,70328
466,1500000US250251202011,250251202011,"Block Group 1, Census Tract 1202.01, Suffolk County, Massachusetts",1350,243,40519
467,1500000US250251202012,250251202012,"Block Group 2, Census Tract 1202.01, Suffolk County, Massachusetts",1965,291,47246
468,1500000US250251202013,250251202013,"Block Group 3, Census Tract 1202.01, Suffolk County, Massachusetts",462,114,41900
469,1500000US250251203011,250251203011,"Block Group 1, Census Tract 1203.01, Suffolk County, Massachusetts",1397,383,36351
470,1500000US250251203012,250251203012,"Block Group 2, Census Tract 1203.01, Suffolk County, Massachusetts",1109,316,34479
471,1500000US250251203013,250251203013,"Block Group 3, Census Tract 1203.01, Suffolk County, Massachusetts",1509,350,37917
472,1500000US250251203014,250251203014,"Block Group 4, Census Tract 1203.01, Suffolk County, Massachusetts",1248,281,45348
473,1500000US250251204001,250251204001,"Block Group 1, Census Tract 1204, Suffolk County, Massachusetts",873,307,65379
474,1500000US250251204002,250251204002,"Block Group 2, Census Tract 1204, Suffolk County, Massachusetts",897,213,45687
475,1500000US250251204003,250251204003,"Block Group 3, Census Tract 1204, Suffolk County, Massachusetts",1282,519,70423
476,1500000US250251204004,250251204004,"Block Group 4, Census Tract 1204, Suffolk County, Massachusetts",1740,451,56503
477,1500000US250251204005,250251204005,"Block Group 5, Census Tract 1204, Suffolk County, Massachusetts",1532,316,57528
478,1500000US250251205001,250251205001,"Block Group 1, Census Tract 1205, Suffolk County, Massachusetts",789,213,50400
479,1500000US250251205002,250251205002,"Block Group 2, Census Tract 1205, Suffolk County, Massachusetts",918,201,43679
480,1500000US250251205003,250251205003,"Block Group 3, Census Tract 1205, Suffolk County, Massachusetts",978,226,25152
481,1500000US250251206001,250251206001,"Block Group 1, Census Tract 1206, Suffolk County, Massachusetts",768,162,64661
482,1500000US250251206002,250251206002,"Block Group 2, Census Tract 1206, Suffolk County, Massachusetts",698,138,68699
483,1500000US250251206003,250251206003,"Block Group 3, Census Tract 1206, Suffolk County, Massachusetts",847,207,59470
484,1500000US250251207001,250251207001,"Block Group 1, Census Tract 1207, Suffolk County, Massachusetts",964,230,39327
485,1500000US250251207002,250251207002,"Block Group 2, Census Tract 1207, Suffolk County, Massachusetts",1327,167,64018
486,1500000US250251301001,250251301001,"Block Group 1, Census Tract 1301, Suffolk County, Massachusetts",991,325,44350
487,1500000US250251301002,250251301002,"Block Group 2, Census Tract 1301, Suffolk County, Massachusetts",1785,427,42391
488,1500000US250251301003,250251301003,"Block Group 3, Census Tract 1301, Suffolk County, Massachusetts",773,283,56412
489,1500000US250251301004,250251301004,"Block Group 4, Census Tract 1301, Suffolk County, Massachusetts",671,327,48495
490,1500000US250251301005,250251301005,"Block Group 5, Census Tract 1301, Suffolk County, Massachusetts",1129,572,41927
491,1500000US250251301006,250251301006,"Block Group 6, Census Tract 1301, Suffolk County, Massachusetts",226,124,40101
492,1500000US250251301007,250251301007,"Block Group 7, Census Tract 1301, Suffolk County, Massachusetts",1057,421,46988
493,1500000US250251302001,250251302001,"Block Group 1, Census Tract 1302, Suffolk County, Massachusetts",763,217,49391
494,1500000US250251302002,250251302002,"Block Group 2, Census Tract 1302, Suffolk County, Massachusetts",1240,246,38251
495,1500000US250251302003,250251302003,"Block Group 3, Census Tract 1302, Suffolk County, Massachusetts",1581,273,57905
496,1500000US250251302004,250251302004,"Block Group 4, Census Tract 1302, Suffolk County, Massachusetts",740,186,48784
497,1500000US250251302005,250251302005,"Block Group 5, Census Tract 1302, Suffolk County, Massachusetts",945,214,50279
498,1500000US250251303001,250251303001,"Block Group 1, Census Tract 1303, Suffolk County, Massachusetts",759,211,70067
499,1500000US250251303002,250251303002,"Block Group 2, Census Tract 1303, Suffolk County, Massachusetts",1110,279,52499
500,1500000US250251303003,250251303003,"Block Group 3, Census Tract 1303, Suffolk County, Massachusetts",717,205,65993
501,1500000US250251303004,250251303004,"Block Group 4, Census Tract 1303, Suffolk County, Massachusetts",1373,324,42093
502,1500000US250251303005,250251303005,"Block Group 5, Census Tract 1303, Suffolk County, Massachusetts",732,225,55800
503,1500000US250251304021,250251304021,"Block Group 1, Census Tract 1304.02, Suffolk County, Massachusetts",1145,394,44046
504,1500000US250251304022,250251304022,"Block Group 2, Census Tract 1304.02, Suffolk County, Massachusetts",948,294,32804
505,1500000US250251304023,250251304023,"Block Group 3, Census Tract 1304.02, Suffolk County, Massachusetts",905,306,39847
506,1500000US250251304024,250251304024,"Block Group 4, Census Tract 1304.02, Suffolk County, Massachusetts",1158,231,50236
507,1500000US250251304025,250251304025,"Block Group 5, Census Tract 1304.02, Suffolk County, Massachusetts",922,309,48294
508,1500000US250251304041,250251304041,"Block Group 1, Census Tract 1304.04, Suffolk County, Massachusetts",2209,449,33331
509,1500000US250251304042,250251304042,"Block Group 2, Census Tract 1304.04, Suffolk County, Massachusetts",632,276,41052
510,1500000US250251304043,250251304043,"Block Group 3, Census Tract 1304.04, Suffolk County, Massachusetts",417,163,34396
511,1500000US250251304061,250251304061,"Block Group 1, Census Tract 1304.06, Suffolk County, Massachusetts",2667,490,14767
512,1500000US250251304062,250251304062,"Block Group 2, Census Tract 1304.06, Suffolk County, Massachusetts",2715,613,32355
513,1500000US250251304063,250251304063,"Block Group 3, Census Tract 1304.06, Suffolk County, Massachusetts",629,206,37033
514,1500000US250251401021,250251401021,"Block Group 1, Census Tract 1401.02, Suffolk County, Massachusetts",1523,482,32816
515,1500000US250251401022,250251401022,"Block Group 2, Census Tract 1401.02, Suffolk County, Massachusetts",1407,318,28009
516,1500000US250251401023,250251401023,"Block Group 3, Census Tract 1401.02, Suffolk County, Massachusetts",950,280,31988
517,1500000US250251401024,250251401024,"Block Group 4, Census Tract 1401.02, Suffolk County, Massachusetts",1386,320,38735
518,1500000US250251401051,250251401051,"Block Group 1, Census Tract 1401.05, Suffolk County, Massachusetts",2742,406,40546
519,1500000US250251401052,250251401052,"Block Group 2, Census Tract 1401.05, Suffolk County, Massachusetts",1407,429,24716
520,1500000US250251401061,250251401061,"Block Group 1, Census Tract 1401.06, Suffolk County, Massachusetts",1361,250,24302
521,1500000US250251401062,250251401062,"Block Group 2, Census Tract 1401.06, Suffolk County, Massachusetts",818,172,15384
522,1500000US250251401071,250251401071,"Block Group 1, Census Tract 1401.07, Suffolk County, Massachusetts",2003,283,41705
523,1500000US250251401072,250251401072,"Block Group 2, Census Tract 1401.07, Suffolk County, Massachusetts",685,173,34289
524,1500000US250251402011,250251402011,"Block Group 1, Census Tract 1402.01, Suffolk County, Massachusetts",1026,253,32887
525,1500000US250251402012,250251402012,"Block Group 2, Census Tract 1402.01, Suffolk County, Massachusetts",1321,280,38787
526,1500000US250251402021,250251402021,"Block Group 1, Census Tract 1402.02, Suffolk County, Massachusetts",1114,322,31553
527,1500000US250251402022,250251402022,"Block Group 2, Census Tract 1402.02, Suffolk County, Massachusetts",1589,453,31168
528,1500000US250251402023,250251402023,"Block Group 3, Census Tract 1402.02, Suffolk County, Massachusetts",1290,349,30363
529,1500000US250251402024,250251402024,"Block Group 4, Census Tract 1402.02, Suffolk County, Massachusetts",1818,379,37130
530,1500000US250251402025,250251402025,"Block Group 5, Census Tract 1402.02, Suffolk County, Massachusetts",714,196,51872
531,1500000US250251403001,250251403001,"Block Group 1, Census Tract 1403, Suffolk County, Massachusetts",1066,425,21445
532,1500000US250251403002,250251403002,"Block Group 2, Census Tract 1403, Suffolk County, Massachusetts",1214,427,27724
533,1500000US250251403003,250251403003,"Block Group 3, Census Tract 1403, Suffolk County, Massachusetts",1928,555,25881
534,1500000US250251403004,250251403004,"Block Group 4, Census Tract 1403, Suffolk County, Massachusetts",672,341,29001
535,1500000US250251403005,250251403005,"Block Group 5, Census Tract 1403, Suffolk County, Massachusetts",1701,486,16801
536,1500000US250251403006,250251403006,"Block Group 6, Census Tract 1403, Suffolk County, Massachusetts",780,301,22870
537,1500000US250251404001,250251404001,"Block Group 1, Census Tract 1404, Suffolk County, Massachusetts",408,207,31328
538,1500000US250251404002,250251404002,"Block Group 2, Census Tract 1404, Suffolk County, Massachusetts",1062,358,34768
539,1500000US250251404003,250251404003,"Block Group 3, Census Tract 1404, Suffolk County, Massachusetts",1303,417,26724
540,1500000US250251404004,250251404004,"Block Group 4, Census Tract 1404, Suffolk County, Massachusetts",515,230,26986
541,1500000US250251404005,250251404005,"Block Group 5, Census Tract 1404, Suffolk County, Massachusetts",1996,632,33572
542,1500000US250251404006,250251404006,"Block Group 6, Census Tract 1404, Suffolk County, Massachusetts",2360,632,23961
543,1500000US250251404007,250251404007,"Block Group 7, Census Tract 1404, Suffolk County, Massachusetts",1106,433,33420
544,1500000US250251601011,250251601011,"Block Group 1, Census Tract 1601.01, Suffolk County, Massachusetts",2071,686,16287
545,1500000US250251601012,250251601012,"Block Group 2, Census Tract 1601.01, Suffolk County, Massachusetts",2123,604,17625
546,1500000US250251601013,250251601013,"Block Group 3, Census Tract 1601.01, Suffolk County, Massachusetts",1993,613,19749
547,1500000US250251601014,250251601014,"Block Group 4, Census Tract 1601.01, Suffolk County, Massachusetts",1933,674,24597
548,1500000US250251601015,250251601015,"Block Group 5, Census Tract 1601.01, Suffolk County, Massachusetts",1166,650,12893
549,1500000US250251602001,250251602001,"Block Group 1, Census Tract 1602, Suffolk County, Massachusetts",1868,442,19618
550,1500000US250251602002,250251602002,"Block Group 2, Census Tract 1602, Suffolk County, Massachusetts",790,242,15922
551,1500000US250251602003,250251602003,"Block Group 3, Census Tract 1602, Suffolk County, Massachusetts",1699,570,20709
552,1500000US250251603001,250251603001,"Block Group 1, Census Tract 1603, Suffolk County, Massachusetts",1848,216,39773
553,1500000US250251603002,250251603002,"Block Group 2, Census Tract 1603, Suffolk County, Massachusetts",628,295,31425
554,1500000US250251604001,250251604001,"Block Group 1, Census Tract 1604, Suffolk County, Massachusetts",1435,265,30422
555,1500000US250251604002,250251604002,"Block Group 2, Census Tract 1604, Suffolk County, Massachusetts",1619,292,20878
556,1500000US250251605011,250251605011,"Block Group 1, Census Tract 1605.01, Suffolk County, Massachusetts",2251,471,16710
557,1500000US250251605012,250251605012,"Block Group 2, Census Tract 1605.01, Suffolk County, Massachusetts",799,286,24608
558,1500000US250251605013,250251605013,"Block Group 3, Census Tract 1605.01, Suffolk County, Massachusetts",280,137,32193
559,1500000US250251605014,250251605014,"Block Group 4, Census Tract 1605.01, Suffolk County, Massachusetts",967,345,21072
560,1500000US250251605015,250251605015,"Block Group 5, Census Tract 1605.01, Suffolk County, Massachusetts",848,328,23945
561,1500000US250251605021,250251605021,"Block Group 1, Census Tract 1605.02, Suffolk County, Massachusetts",1740,353,32155
562,1500000US250251605022,250251605022,"Block Group 2, Census Tract 1605.02, Suffolk County, Massachusetts",2055,597,26201
563,1500000US250251605023,250251605023,"Block Group 3, Census Tract 1605.02, Suffolk County, Massachusetts",1037,345,13098
564,1500000US250251606011,250251606011,"Block Group 1, Census Tract 1606.01, Suffolk County, Massachusetts",2466,482,24095
565,1500000US250251606012,250251606012,"Block Group 2, Census Tract 1606.01, Suffolk County, Massachusetts",2367,570,27875
566,1500000US250251606021,250251606021,"Block Group 1, Census Tract 1606.02, Suffolk County, Massachusetts",1584,473,23192
567,1500000US250251606022,250251606022,"Block Group 2, Census Tract 1606.02, Suffolk County, Massachusetts",645,246,35065
568,1500000US250251606023,250251606023,"Block Group 3, Census Tract 1606.02, Suffolk County, Massachusetts",658,268,31765
569,1500000US250251606024,250251606024,"Block Group 4, Census Tract 1606.02, Suffolk County, Massachusetts",1257,334,12824
570,1500000US250251606025,250251606025,"Block Group 5, Census Tract 1606.02, Suffolk County, Massachusetts",1145,428,31691
571,1500000US250251701001,250251701001,"Block Group 1, Census Tract 1701, Suffolk County, Massachusetts",1410,350,21875
572,1500000US250251701002,250251701002,"Block Group 2, Census Tract 1701, Suffolk County, Massachusetts",1510,538,28854
573,1500000US250251701003,250251701003,"Block Group 3, Census Tract 1701, Suffolk County, Massachusetts",778,270,30420
574,1500000US250251701004,250251701004,"Block Group 4, Census Tract 1701, Suffolk County, Massachusetts",636,253,24028
575,1500000US250251701005,250251701005,"Block Group 5, Census Tract 1701, Suffolk County, Massachusetts",1222,409,34883
576,1500000US250251701006,250251701006,"Block Group 6, Census Tract 1701, Suffolk County, Massachusetts",726,288,29156
577,1500000US250251701007,250251701007,"Block Group 7, Census Tract 1701, Suffolk County, Massachusetts",1189,399,26472
578,1500000US250251702001,250251702001,"Block Group 1, Census Tract 1702, Suffolk County, Massachusetts",963,238,20149
579,1500000US250251702002,250251702002,"Block Group 2, Census Tract 1702, Suffolk County, Massachusetts",2281,570,19523
580,1500000US250251702003,250251702003,"Block Group 3, Census Tract 1702, Suffolk County, Massachusetts",776,403,13557
581,1500000US250251702004,250251702004,"Block Group 4, Census Tract 1702, Suffolk County, Massachusetts",1302,239,35270
582,1500000US250251703001,250251703001,"Block Group 1, Census Tract 1703, Suffolk County, Massachusetts",1666,418,43346
583,1500000US250251703002,250251703002,"Block Group 2, Census Tract 1703, Suffolk County, Massachusetts",816,401,23177
584,1500000US250251703003,250251703003,"Block Group 3, Census Tract 1703, Suffolk County, Massachusetts",802,273,23665
585,1500000US250251703004,250251703004,"Block Group 4, Census Tract 1703, Suffolk County, Massachusetts",1799,463,37604
586,1500000US250251703005,250251703005,"Block Group 5, Census Tract 1703, Suffolk County, Massachusetts",1519,452,29224
587,1500000US250251703006,250251703006,"Block Group 6, Census Tract 1703, Suffolk County, Massachusetts",1523,531,22674
588,1500000US250251703007,250251703007,"Block Group 7, Census Tract 1703, Suffolk County, Massachusetts",681,369,24518
589,1500000US250251704001,250251704001,"Block Group 1, Census Tract 1704, Suffolk County, Massachusetts",1358,421,22520
590,1500000US250251704002,250251704002,"Block Group 2, Census Tract 1704, Suffolk County, Massachusetts",1331,486,23110
591,1500000US250251704003,250251704003,"Block Group 3, Census Tract 1704, Suffolk County, Massachusetts",1354,451,16764
592,1500000US250251704004,250251704004,"Block Group 4, Census Tract 1704, Suffolk County, Massachusetts",2441,487,28170
593,1500000US250251705011,250251705011,"Block Group 1, Census Tract 1705.01, Suffolk County, Massachusetts",2222,335,28951
594,1500000US250251705012,250251705012,"Block Group 2, Census Tract 1705.01, Suffolk County, Massachusetts",1318,298,35157
595,1500000US250251705021,250251705021,"Block Group 1, Census Tract 1705.02, Suffolk County, Massachusetts",1015,250,37879
596,1500000US250251705022,250251705022,"Block Group 2, Census Tract 1705.02, Suffolk County, Massachusetts",1637,175,31097
597,1500000US250251706011,250251706011,"Block Group 1, Census Tract 1706.01, Suffolk County, Massachusetts",1396,336,28204
598,1500000US250251706012,250251706012,"Block Group 2, Census Tract 1706.01, Suffolk County, Massachusetts",1658,423,32917
599,1500000US250251706013,250251706013,"Block Group 3, Census Tract 1706.01, Suffolk County, Massachusetts",1182,318,28361
600,1500000US250251706014,250251706014,"Block Group 4, Census Tract 1706.01, Suffolk County, Massachusetts",1335,555,22061
601,1500000US250251707011,250251707011,"Block Group 1, Census Tract 1707.01, Suffolk County, Massachusetts",738,174,26810
602,1500000US250251707012,250251707012,"Block Group 2, Census Tract 1707.01, Suffolk County, Massachusetts",1330,224,35780
603,1500000US250251707021,250251707021,"Block Group 1, Census Tract 1707.02, Suffolk County, Massachusetts",896,386,24242
604,1500000US250251707022,250251707022,"Block Group 2, Census Tract 1707.02, Suffolk County, Massachusetts",999,453,23764
605,1500000US250251707023,250251707023,"Block Group 3, Census Tract 1707.02, Suffolk County, Massachusetts",1606,634,32582
606,1500000US250251707024,250251707024,"Block Group 4, Census Tract 1707.02, Suffolk County, Massachusetts",1251,577,21058
607,1500000US250251707025,250251707025,"Block Group 5, Census Tract 1707.02, Suffolk County, Massachusetts",1292,573,17158
608,1500000US250251708001,250251708001,"Block Group 1, Census Tract 1708, Suffolk County, Massachusetts",1976,557,25695
609,1500000US250251708002,250251708002,"Block Group 2, Census Tract 1708, Suffolk County, Massachusetts",1161,358,27218
610,1500000US250251708003,250251708003,"Block Group 3, Census Tract 1708, Suffolk County, Massachusetts",1211,457,16918
611,1500000US250251708004,250251708004,"Block Group 4, Census Tract 1708, Suffolk County, Massachusetts",1546,896,36337
612,1500000US250251801011,250251801011,"Block Group 1, Census Tract 1801.01, Suffolk County, Massachusetts",1350,564,37787
613,1500000US250251801012,250251801012,"Block Group 2, Census Tract 1801.01, Suffolk County, Massachusetts",1248,373,61574
614,1500000US250251801013,250251801013,"Block Group 3, Census Tract 1801.01, Suffolk County, Massachusetts",2403,488,28941
615,1500000US250251802001,250251802001,"Block Group 1, Census Tract 1802, Suffolk County, Massachusetts",1183,283,39402
616,1500000US250251802002,250251802002,"Block Group 2, Census Tract 1802, Suffolk County, Massachusetts",641,197,34589
617,1500000US250251802003,250251802003,"Block Group 3, Census Tract 1802, Suffolk County, Massachusetts",807,285,36431
618,1500000US250251802004,250251802004,"Block Group 4, Census Tract 1802, Suffolk County, Massachusetts",1422,338,39911
619,1500000US250251803011,250251803011,"Block Group 1, Census Tract 1803.01, Suffolk County, Massachusetts",569,171,46910
620,1500000US250251803012,250251803012,"Block Group 2, Census Tract 1803.01, Suffolk County, Massachusetts",977,277,42095
621,1500000US250251803013,250251803013,"Block Group 3, Census Tract 1803.01, Suffolk County, Massachusetts",734,198,38416
622,1500000US250251803014,250251803014,"Block Group 4, Census Tract 1803.01, Suffolk County, Massachusetts",793,222,50615
623,1500000US250251804001,250251804001,"Block Group 1, Census Tract 1804, Suffolk County, Massachusetts",964,155,37044
624,1500000US250251804002,250251804002,"Block Group 2, Census Tract 1804, Suffolk County, Massachusetts",1086,251,38657
625,1500000US250251805001,250251805001,"Block Group 1, Census Tract 1805, Suffolk County, Massachusetts",1536,343,27531
626,1500000US250251805002,250251805002,"Block Group 2, Census Tract 1805, Suffolk County, Massachusetts",625,235,48496
627,1500000US250251805003,250251805003,"Block Group 3, Census Tract 1805, Suffolk County, Massachusetts",1035,250,37251
628,1500000US250251805004,250251805004,"Block Group 4, Census Tract 1805, Suffolk County, Massachusetts",1018,204,54355
629,1500000US250259801011,250259801011,"Block Group 1, Census Tract 9801.01, Suffolk County, Massachusetts",322,303,7824
630,1500000US250259803001,250259803001,"Block Group 1, Census Tract 9803, Suffolk County, Massachusetts",365,232,7112
631,1500000US250259807001,250259807001,"Block Group 1, Census Tract 9807, Suffolk County, Massachusetts",8,11,-
632,1500000US250259810001,250259810001,"Block Group 1, Census Tract 9810, Suffolk County, Massachusetts",0,12,-
633,1500000US250259811001,250259811001,"Block Group 1, Census Tract 9811, Suffolk County, Massachusetts",0,12,-
634,1500000US250259811002,250259811002,"Block Group 2, Census Tract 9811, Suffolk County, Massachusetts",0,12,-
635,1500000US250259811003,250259811003,"Block Group 3, Census Tract 9811, Suffolk County, Massachusetts",0,12,14699
636,1500000US250259811004,250259811004,"Block Group 4, Census Tract 9811, Suffolk County, Massachusetts",409,118,-
637,1500000US250259812011,250259812011,"Block Group 1, Census Tract 9812.01, Suffolk County, Massachusetts",0,12,26105
638,1500000US250259812021,250259812021,"Block Group 1, Census Tract 9812.02, Suffolk County, Massachusetts",224,82,-
639,1500000US250259813001,250259813001,"Block Group 1, Census Tract 9813, Suffolk County, Massachusetts",0,12,70264
640,1500000US250259813002,250259813002,"Block Group 2, Census Tract 9813, Suffolk County, Massachusetts",426,137,-
641,1500000US250259815011,250259815011,"Block Group 1, Census Tract 9815.01, Suffolk County, Massachusetts",0,12,10767
642,1500000US250259815021,250259815021,"Block Group 1, Census Tract 9815.02, Suffolk County, Massachusetts",12,12,-
643,1500000US250259816001,250259816001,"Block Group 1, Census Tract 9816, Suffolk County, Massachusetts",0,12,-
644,1500000US250259817001,250259817001,"Block Group 1, Census Tract 9817, Suffolk County, Massachusetts",0,12,134855
645,1500000US250259818001,250259818001,"Block Group 1, Census Tract 9818, Suffolk County, Massachusetts",22,18,17785
646,1500000US250259901010,250259901010,"Block Group 0, Census Tract 9901.01, Suffolk County, Massachusetts",71,108,
