,GEO.id,GEO.id2,GEO.display-label,HD01_VD01,HD02_VD01,income
0,Id,Id2,Geography,Estimate; Total,Margin of Error; Total,Estimate; Per capita income in the past 12 months (in 2017 inflation-adjusted dollars)
1,1500000US371190001001,371190001001,"Block Group 1, Census Tract 1, Mecklenburg County, North Carolina",1073,215,107319
2,1500000US371190001002,371190001002,"Block Group 2, Census Tract 1, Mecklenburg County, North Carolina",1945,290,89079
3,1500000US371190001003,371190001003,"Block Group 3, Census Tract 1, Mecklenburg County, North Carolina",901,218,145815
4,1500000US371190001004,371190001004,"Block Group 4, Census Tract 1, Mecklenburg County, North Carolina",173,110,45431
5,1500000US371190001005,371190001005,"Block Group 5, Census Tract 1, Mecklenburg County, North Carolina",569,246,71041
6,1500000US371190003001,371190003001,"Block Group 1, Census Tract 3, Mecklenburg County, North Carolina",782,110,71037
7,1500000US371190004001,371190004001,"Block Group 1, Census Tract 4, Mecklenburg County, North Carolina",1593,217,64955
8,1500000US371190004002,371190004002,"Block Group 2, Census Tract 4, Mecklenburg County, North Carolina",1227,197,57410
9,1500000US371190005001,371190005001,"Block Group 1, Census Tract 5, Mecklenburg County, North Carolina",1563,319,62079
10,1500000US371190005002,371190005002,"Block Group 2, Census Tract 5, Mecklenburg County, North Carolina",1105,331,48597
11,1500000US371190005003,371190005003,"Block Group 3, Census Tract 5, Mecklenburg County, North Carolina",2604,468,40397
12,1500000US371190006001,371190006001,"Block Group 1, Census Tract 6, Mecklenburg County, North Carolina",883,191,55016
13,1500000US371190006002,371190006002,"Block Group 2, Census Tract 6, Mecklenburg County, North Carolina",1989,261,36432
14,1500000US371190007001,371190007001,"Block Group 1, Census Tract 7, Mecklenburg County, North Carolina",942,145,32824
15,1500000US371190008001,371190008001,"Block Group 1, Census Tract 8, Mecklenburg County, North Carolina",2192,329,17175
16,1500000US371190008002,371190008002,"Block Group 2, Census Tract 8, Mecklenburg County, North Carolina",702,198,9928
17,1500000US371190009001,371190009001,"Block Group 1, Census Tract 9, Mecklenburg County, North Carolina",702,162,25201
18,1500000US371190009002,371190009002,"Block Group 2, Census Tract 9, Mecklenburg County, North Carolina",1157,281,24805
19,1500000US371190010001,371190010001,"Block Group 1, Census Tract 10, Mecklenburg County, North Carolina",1050,174,57376
20,1500000US371190010002,371190010002,"Block Group 2, Census Tract 10, Mecklenburg County, North Carolina",546,135,73847
21,1500000US371190010003,371190010003,"Block Group 3, Census Tract 10, Mecklenburg County, North Carolina",926,194,52648
22,1500000US371190011001,371190011001,"Block Group 1, Census Tract 11, Mecklenburg County, North Carolina",891,168,51675
23,1500000US371190011002,371190011002,"Block Group 2, Census Tract 11, Mecklenburg County, North Carolina",1685,264,56436
24,1500000US371190012001,371190012001,"Block Group 1, Census Tract 12, Mecklenburg County, North Carolina",1959,487,25146
25,1500000US371190012002,371190012002,"Block Group 2, Census Tract 12, Mecklenburg County, North Carolina",1288,418,28194
26,1500000US371190012003,371190012003,"Block Group 3, Census Tract 12, Mecklenburg County, North Carolina",1795,286,73651
27,1500000US371190013001,371190013001,"Block Group 1, Census Tract 13, Mecklenburg County, North Carolina",2169,328,28508
28,1500000US371190013002,371190013002,"Block Group 2, Census Tract 13, Mecklenburg County, North Carolina",901,164,27735
29,1500000US371190013003,371190013003,"Block Group 3, Census Tract 13, Mecklenburg County, North Carolina",664,176,34568
30,1500000US371190014001,371190014001,"Block Group 1, Census Tract 14, Mecklenburg County, North Carolina",1610,285,44510
31,1500000US371190014002,371190014002,"Block Group 2, Census Tract 14, Mecklenburg County, North Carolina",1334,201,54627
32,1500000US371190015041,371190015041,"Block Group 1, Census Tract 15.04, Mecklenburg County, North Carolina",4611,1044,12442
33,1500000US371190015042,371190015042,"Block Group 2, Census Tract 15.04, Mecklenburg County, North Carolina",1431,393,16729
34,1500000US371190015043,371190015043,"Block Group 3, Census Tract 15.04, Mecklenburg County, North Carolina",1657,634,11414
35,1500000US371190015051,371190015051,"Block Group 1, Census Tract 15.05, Mecklenburg County, North Carolina",3791,378,23045
36,1500000US371190015071,371190015071,"Block Group 1, Census Tract 15.07, Mecklenburg County, North Carolina",1771,513,10510
37,1500000US371190015072,371190015072,"Block Group 2, Census Tract 15.07, Mecklenburg County, North Carolina",1753,458,13941
38,1500000US371190015073,371190015073,"Block Group 3, Census Tract 15.07, Mecklenburg County, North Carolina",928,314,12097
39,1500000US371190015081,371190015081,"Block Group 1, Census Tract 15.08, Mecklenburg County, North Carolina",2470,567,23763
40,1500000US371190015082,371190015082,"Block Group 2, Census Tract 15.08, Mecklenburg County, North Carolina",3122,644,22161
41,1500000US371190015083,371190015083,"Block Group 3, Census Tract 15.08, Mecklenburg County, North Carolina",998,308,14926
42,1500000US371190015091,371190015091,"Block Group 1, Census Tract 15.09, Mecklenburg County, North Carolina",1545,441,16703
43,1500000US371190015092,371190015092,"Block Group 2, Census Tract 15.09, Mecklenburg County, North Carolina",1923,417,17281
44,1500000US371190015101,371190015101,"Block Group 1, Census Tract 15.10, Mecklenburg County, North Carolina",2264,403,21551
45,1500000US371190015102,371190015102,"Block Group 2, Census Tract 15.10, Mecklenburg County, North Carolina",762,252,22019
46,1500000US371190016031,371190016031,"Block Group 1, Census Tract 16.03, Mecklenburg County, North Carolina",2561,500,24620
47,1500000US371190016032,371190016032,"Block Group 2, Census Tract 16.03, Mecklenburg County, North Carolina",1951,415,22534
48,1500000US371190016051,371190016051,"Block Group 1, Census Tract 16.05, Mecklenburg County, North Carolina",1942,202,22069
49,1500000US371190016061,371190016061,"Block Group 1, Census Tract 16.06, Mecklenburg County, North Carolina",2503,392,17268
50,1500000US371190016062,371190016062,"Block Group 2, Census Tract 16.06, Mecklenburg County, North Carolina",1912,473,20612
51,1500000US371190016071,371190016071,"Block Group 1, Census Tract 16.07, Mecklenburg County, North Carolina",3144,432,18565
52,1500000US371190016081,371190016081,"Block Group 1, Census Tract 16.08, Mecklenburg County, North Carolina",2679,410,15217
53,1500000US371190016082,371190016082,"Block Group 2, Census Tract 16.08, Mecklenburg County, North Carolina",1393,255,20204
54,1500000US371190016091,371190016091,"Block Group 1, Census Tract 16.09, Mecklenburg County, North Carolina",844,229,17692
55,1500000US371190016092,371190016092,"Block Group 2, Census Tract 16.09, Mecklenburg County, North Carolina",2529,288,19517
56,1500000US371190017011,371190017011,"Block Group 1, Census Tract 17.01, Mecklenburg County, North Carolina",1649,387,33167
57,1500000US371190017012,371190017012,"Block Group 2, Census Tract 17.01, Mecklenburg County, North Carolina",2923,464,13943
58,1500000US371190017021,371190017021,"Block Group 1, Census Tract 17.02, Mecklenburg County, North Carolina",1175,322,20323
59,1500000US371190017022,371190017022,"Block Group 2, Census Tract 17.02, Mecklenburg County, North Carolina",615,212,24862
60,1500000US371190017023,371190017023,"Block Group 3, Census Tract 17.02, Mecklenburg County, North Carolina",795,237,29592
61,1500000US371190017024,371190017024,"Block Group 4, Census Tract 17.02, Mecklenburg County, North Carolina",2598,484,11848
62,1500000US371190018011,371190018011,"Block Group 1, Census Tract 18.01, Mecklenburg County, North Carolina",399,109,20477
63,1500000US371190018012,371190018012,"Block Group 2, Census Tract 18.01, Mecklenburg County, North Carolina",414,120,26703
64,1500000US371190018013,371190018013,"Block Group 3, Census Tract 18.01, Mecklenburg County, North Carolina",510,116,26765
65,1500000US371190018021,371190018021,"Block Group 1, Census Tract 18.02, Mecklenburg County, North Carolina",1365,288,30799
66,1500000US371190018022,371190018022,"Block Group 2, Census Tract 18.02, Mecklenburg County, North Carolina",1659,286,34273
67,1500000US371190019101,371190019101,"Block Group 1, Census Tract 19.10, Mecklenburg County, North Carolina",2299,382,12351
68,1500000US371190019102,371190019102,"Block Group 2, Census Tract 19.10, Mecklenburg County, North Carolina",1790,420,17139
69,1500000US371190019103,371190019103,"Block Group 3, Census Tract 19.10, Mecklenburg County, North Carolina",1752,529,13556
70,1500000US371190019111,371190019111,"Block Group 1, Census Tract 19.11, Mecklenburg County, North Carolina",1317,395,23973
71,1500000US371190019112,371190019112,"Block Group 2, Census Tract 19.11, Mecklenburg County, North Carolina",2093,568,19568
72,1500000US371190019113,371190019113,"Block Group 3, Census Tract 19.11, Mecklenburg County, North Carolina",2654,518,23022
73,1500000US371190019121,371190019121,"Block Group 1, Census Tract 19.12, Mecklenburg County, North Carolina",3143,777,16065
74,1500000US371190019122,371190019122,"Block Group 2, Census Tract 19.12, Mecklenburg County, North Carolina",765,535,14817
75,1500000US371190019123,371190019123,"Block Group 3, Census Tract 19.12, Mecklenburg County, North Carolina",739,445,15331
76,1500000US371190019124,371190019124,"Block Group 4, Census Tract 19.12, Mecklenburg County, North Carolina",2852,847,16111
77,1500000US371190019141,371190019141,"Block Group 1, Census Tract 19.14, Mecklenburg County, North Carolina",1975,457,10751
78,1500000US371190019142,371190019142,"Block Group 2, Census Tract 19.14, Mecklenburg County, North Carolina",1668,439,31383
79,1500000US371190019151,371190019151,"Block Group 1, Census Tract 19.15, Mecklenburg County, North Carolina",1439,467,24745
80,1500000US371190019152,371190019152,"Block Group 2, Census Tract 19.15, Mecklenburg County, North Carolina",2894,613,18370
81,1500000US371190019153,371190019153,"Block Group 3, Census Tract 19.15, Mecklenburg County, North Carolina",1213,410,16347
82,1500000US371190019154,371190019154,"Block Group 4, Census Tract 19.15, Mecklenburg County, North Carolina",1357,417,19158
83,1500000US371190019161,371190019161,"Block Group 1, Census Tract 19.16, Mecklenburg County, North Carolina",2144,381,21355
84,1500000US371190019162,371190019162,"Block Group 2, Census Tract 19.16, Mecklenburg County, North Carolina",1782,347,30960
85,1500000US371190019171,371190019171,"Block Group 1, Census Tract 19.17, Mecklenburg County, North Carolina",2335,473,16911
86,1500000US371190019172,371190019172,"Block Group 2, Census Tract 19.17, Mecklenburg County, North Carolina",1880,440,17209
87,1500000US371190019181,371190019181,"Block Group 1, Census Tract 19.18, Mecklenburg County, North Carolina",555,150,29457
88,1500000US371190019182,371190019182,"Block Group 2, Census Tract 19.18, Mecklenburg County, North Carolina",2293,378,18995
89,1500000US371190019183,371190019183,"Block Group 3, Census Tract 19.18, Mecklenburg County, North Carolina",1288,345,24031
90,1500000US371190019191,371190019191,"Block Group 1, Census Tract 19.19, Mecklenburg County, North Carolina",1682,405,15720
91,1500000US371190019192,371190019192,"Block Group 2, Census Tract 19.19, Mecklenburg County, North Carolina",1294,357,25086
92,1500000US371190019193,371190019193,"Block Group 3, Census Tract 19.19, Mecklenburg County, North Carolina",1483,445,15692
93,1500000US371190019201,371190019201,"Block Group 1, Census Tract 19.20, Mecklenburg County, North Carolina",2871,494,11916
94,1500000US371190019202,371190019202,"Block Group 2, Census Tract 19.20, Mecklenburg County, North Carolina",1411,350,18093
95,1500000US371190019203,371190019203,"Block Group 3, Census Tract 19.20, Mecklenburg County, North Carolina",843,304,17316
96,1500000US371190019211,371190019211,"Block Group 1, Census Tract 19.21, Mecklenburg County, North Carolina",2656,265,21820
97,1500000US371190019221,371190019221,"Block Group 1, Census Tract 19.22, Mecklenburg County, North Carolina",1821,354,16988
98,1500000US371190019222,371190019222,"Block Group 2, Census Tract 19.22, Mecklenburg County, North Carolina",2953,454,17659
99,1500000US371190019231,371190019231,"Block Group 1, Census Tract 19.23, Mecklenburg County, North Carolina",2874,526,21084
100,1500000US371190019232,371190019232,"Block Group 2, Census Tract 19.23, Mecklenburg County, North Carolina",1942,519,14302
101,1500000US371190020021,371190020021,"Block Group 1, Census Tract 20.02, Mecklenburg County, North Carolina",2285,479,49371
102,1500000US371190020022,371190020022,"Block Group 2, Census Tract 20.02, Mecklenburg County, North Carolina",1648,387,73432
103,1500000US371190020023,371190020023,"Block Group 3, Census Tract 20.02, Mecklenburg County, North Carolina",1233,307,59338
104,1500000US371190020024,371190020024,"Block Group 4, Census Tract 20.02, Mecklenburg County, North Carolina",1349,390,71254
105,1500000US371190020031,371190020031,"Block Group 1, Census Tract 20.03, Mecklenburg County, North Carolina",1386,249,50650
106,1500000US371190020032,371190020032,"Block Group 2, Census Tract 20.03, Mecklenburg County, North Carolina",1031,386,57509
107,1500000US371190020033,371190020033,"Block Group 3, Census Tract 20.03, Mecklenburg County, North Carolina",1418,501,43675
108,1500000US371190020034,371190020034,"Block Group 4, Census Tract 20.03, Mecklenburg County, North Carolina",747,183,74343
109,1500000US371190020035,371190020035,"Block Group 5, Census Tract 20.03, Mecklenburg County, North Carolina",1361,300,14109
110,1500000US371190020041,371190020041,"Block Group 1, Census Tract 20.04, Mecklenburg County, North Carolina",1813,363,45688
111,1500000US371190020042,371190020042,"Block Group 2, Census Tract 20.04, Mecklenburg County, North Carolina",1444,373,53331
112,1500000US371190020043,371190020043,"Block Group 3, Census Tract 20.04, Mecklenburg County, North Carolina",1837,399,26775
113,1500000US371190021001,371190021001,"Block Group 1, Census Tract 21, Mecklenburg County, North Carolina",863,284,19791
114,1500000US371190021002,371190021002,"Block Group 2, Census Tract 21, Mecklenburg County, North Carolina",1904,247,38860
115,1500000US371190022001,371190022001,"Block Group 1, Census Tract 22, Mecklenburg County, North Carolina",1205,314,53809
116,1500000US371190022002,371190022002,"Block Group 2, Census Tract 22, Mecklenburg County, North Carolina",1007,351,58705
117,1500000US371190022003,371190022003,"Block Group 3, Census Tract 22, Mecklenburg County, North Carolina",995,200,79287
118,1500000US371190022004,371190022004,"Block Group 4, Census Tract 22, Mecklenburg County, North Carolina",1860,494,83154
119,1500000US371190023001,371190023001,"Block Group 1, Census Tract 23, Mecklenburg County, North Carolina",562,170,12991
120,1500000US371190023002,371190023002,"Block Group 2, Census Tract 23, Mecklenburg County, North Carolina",2473,309,10090
121,1500000US371190024001,371190024001,"Block Group 1, Census Tract 24, Mecklenburg County, North Carolina",1702,273,62419
122,1500000US371190024002,371190024002,"Block Group 2, Census Tract 24, Mecklenburg County, North Carolina",1007,201,42110
123,1500000US371190024003,371190024003,"Block Group 3, Census Tract 24, Mecklenburg County, North Carolina",446,127,80761
124,1500000US371190025001,371190025001,"Block Group 1, Census Tract 25, Mecklenburg County, North Carolina",1160,123,60121
125,1500000US371190025002,371190025002,"Block Group 2, Census Tract 25, Mecklenburg County, North Carolina",612,101,44885
126,1500000US371190026001,371190026001,"Block Group 1, Census Tract 26, Mecklenburg County, North Carolina",930,135,46303
127,1500000US371190027011,371190027011,"Block Group 1, Census Tract 27.01, Mecklenburg County, North Carolina",586,143,107841
128,1500000US371190027012,371190027012,"Block Group 2, Census Tract 27.01, Mecklenburg County, North Carolina",1241,176,64213
129,1500000US371190027013,371190027013,"Block Group 3, Census Tract 27.01, Mecklenburg County, North Carolina",461,138,87294
130,1500000US371190027021,371190027021,"Block Group 1, Census Tract 27.02, Mecklenburg County, North Carolina",2511,388,91153
131,1500000US371190027022,371190027022,"Block Group 2, Census Tract 27.02, Mecklenburg County, North Carolina",2361,335,98973
132,1500000US371190027023,371190027023,"Block Group 3, Census Tract 27.02, Mecklenburg County, North Carolina",1030,229,68976
133,1500000US371190028001,371190028001,"Block Group 1, Census Tract 28, Mecklenburg County, North Carolina",911,196,108226
134,1500000US371190028002,371190028002,"Block Group 2, Census Tract 28, Mecklenburg County, North Carolina",1208,209,107844
135,1500000US371190028003,371190028003,"Block Group 3, Census Tract 28, Mecklenburg County, North Carolina",1781,249,136442
136,1500000US371190029031,371190029031,"Block Group 1, Census Tract 29.03, Mecklenburg County, North Carolina",1050,209,108257
137,1500000US371190029032,371190029032,"Block Group 2, Census Tract 29.03, Mecklenburg County, North Carolina",1245,250,148257
138,1500000US371190029033,371190029033,"Block Group 3, Census Tract 29.03, Mecklenburg County, North Carolina",1765,322,59526
139,1500000US371190029041,371190029041,"Block Group 1, Census Tract 29.04, Mecklenburg County, North Carolina",1579,473,95088
140,1500000US371190029042,371190029042,"Block Group 2, Census Tract 29.04, Mecklenburg County, North Carolina",1651,495,35075
141,1500000US371190029043,371190029043,"Block Group 3, Census Tract 29.04, Mecklenburg County, North Carolina",1465,309,59475
142,1500000US371190029044,371190029044,"Block Group 4, Census Tract 29.04, Mecklenburg County, North Carolina",624,180,74188
143,1500000US371190029045,371190029045,"Block Group 5, Census Tract 29.04, Mecklenburg County, North Carolina",1231,307,49835
144,1500000US371190029051,371190029051,"Block Group 1, Census Tract 29.05, Mecklenburg County, North Carolina",1932,167,123245
145,1500000US371190029052,371190029052,"Block Group 2, Census Tract 29.05, Mecklenburg County, North Carolina",1258,242,127937
146,1500000US371190029061,371190029061,"Block Group 1, Census Tract 29.06, Mecklenburg County, North Carolina",1349,408,59398
147,1500000US371190029062,371190029062,"Block Group 2, Census Tract 29.06, Mecklenburg County, North Carolina",1709,317,53765
148,1500000US371190029063,371190029063,"Block Group 3, Census Tract 29.06, Mecklenburg County, North Carolina",1848,383,63506
149,1500000US371190030061,371190030061,"Block Group 1, Census Tract 30.06, Mecklenburg County, North Carolina",1904,276,61493
150,1500000US371190030062,371190030062,"Block Group 2, Census Tract 30.06, Mecklenburg County, North Carolina",2999,306,43624
151,1500000US371190030071,371190030071,"Block Group 1, Census Tract 30.07, Mecklenburg County, North Carolina",656,245,56541
152,1500000US371190030072,371190030072,"Block Group 2, Census Tract 30.07, Mecklenburg County, North Carolina",2297,364,65141
153,1500000US371190030073,371190030073,"Block Group 3, Census Tract 30.07, Mecklenburg County, North Carolina",1822,520,72404
154,1500000US371190030074,371190030074,"Block Group 4, Census Tract 30.07, Mecklenburg County, North Carolina",1594,458,61235
155,1500000US371190030075,371190030075,"Block Group 5, Census Tract 30.07, Mecklenburg County, North Carolina",852,211,99507
156,1500000US371190030081,371190030081,"Block Group 1, Census Tract 30.08, Mecklenburg County, North Carolina",1576,326,47241
157,1500000US371190030082,371190030082,"Block Group 2, Census Tract 30.08, Mecklenburg County, North Carolina",1577,379,42871
158,1500000US371190030083,371190030083,"Block Group 3, Census Tract 30.08, Mecklenburg County, North Carolina",2345,576,46351
159,1500000US371190030111,371190030111,"Block Group 1, Census Tract 30.11, Mecklenburg County, North Carolina",1835,473,54750
160,1500000US371190030112,371190030112,"Block Group 2, Census Tract 30.11, Mecklenburg County, North Carolina",686,171,59385
161,1500000US371190030113,371190030113,"Block Group 3, Census Tract 30.11, Mecklenburg County, North Carolina",1760,326,73672
162,1500000US371190030114,371190030114,"Block Group 4, Census Tract 30.11, Mecklenburg County, North Carolina",1049,433,79585
163,1500000US371190030115,371190030115,"Block Group 5, Census Tract 30.11, Mecklenburg County, North Carolina",1375,281,42300
164,1500000US371190030121,371190030121,"Block Group 1, Census Tract 30.12, Mecklenburg County, North Carolina",1324,212,97761
165,1500000US371190030122,371190030122,"Block Group 2, Census Tract 30.12, Mecklenburg County, North Carolina",3354,377,40444
166,1500000US371190030131,371190030131,"Block Group 1, Census Tract 30.13, Mecklenburg County, North Carolina",2941,403,60979
167,1500000US371190030132,371190030132,"Block Group 2, Census Tract 30.13, Mecklenburg County, North Carolina",2304,354,52357
168,1500000US371190030151,371190030151,"Block Group 1, Census Tract 30.15, Mecklenburg County, North Carolina",1691,229,60615
169,1500000US371190030152,371190030152,"Block Group 2, Census Tract 30.15, Mecklenburg County, North Carolina",1739,209,54115
170,1500000US371190030153,371190030153,"Block Group 3, Census Tract 30.15, Mecklenburg County, North Carolina",1199,185,46835
171,1500000US371190030161,371190030161,"Block Group 1, Census Tract 30.16, Mecklenburg County, North Carolina",2471,366,44486
172,1500000US371190030162,371190030162,"Block Group 2, Census Tract 30.16, Mecklenburg County, North Carolina",838,180,99139
173,1500000US371190030163,371190030163,"Block Group 3, Census Tract 30.16, Mecklenburg County, North Carolina",1290,247,49730
174,1500000US371190030171,371190030171,"Block Group 1, Census Tract 30.17, Mecklenburg County, North Carolina",1274,211,38884
175,1500000US371190030172,371190030172,"Block Group 2, Census Tract 30.17, Mecklenburg County, North Carolina",2389,220,64064
176,1500000US371190030181,371190030181,"Block Group 1, Census Tract 30.18, Mecklenburg County, North Carolina",2772,194,52636
177,1500000US371190031021,371190031021,"Block Group 1, Census Tract 31.02, Mecklenburg County, North Carolina",1904,404,45327
178,1500000US371190031022,371190031022,"Block Group 2, Census Tract 31.02, Mecklenburg County, North Carolina",1546,424,37466
179,1500000US371190031023,371190031023,"Block Group 3, Census Tract 31.02, Mecklenburg County, North Carolina",1509,445,15145
180,1500000US371190031031,371190031031,"Block Group 1, Census Tract 31.03, Mecklenburg County, North Carolina",1473,365,45020
181,1500000US371190031032,371190031032,"Block Group 2, Census Tract 31.03, Mecklenburg County, North Carolina",2483,414,49368
182,1500000US371190031033,371190031033,"Block Group 3, Census Tract 31.03, Mecklenburg County, North Carolina",409,158,44808
183,1500000US371190031051,371190031051,"Block Group 1, Census Tract 31.05, Mecklenburg County, North Carolina",1592,230,53131
184,1500000US371190031052,371190031052,"Block Group 2, Census Tract 31.05, Mecklenburg County, North Carolina",2262,392,47484
185,1500000US371190031061,371190031061,"Block Group 1, Census Tract 31.06, Mecklenburg County, North Carolina",2617,539,21346
186,1500000US371190031062,371190031062,"Block Group 2, Census Tract 31.06, Mecklenburg County, North Carolina",1207,190,55543
187,1500000US371190031081,371190031081,"Block Group 1, Census Tract 31.08, Mecklenburg County, North Carolina",1442,325,13966
188,1500000US371190031082,371190031082,"Block Group 2, Census Tract 31.08, Mecklenburg County, North Carolina",2306,321,23969
189,1500000US371190031091,371190031091,"Block Group 1, Census Tract 31.09, Mecklenburg County, North Carolina",2766,414,20423
190,1500000US371190031092,371190031092,"Block Group 2, Census Tract 31.09, Mecklenburg County, North Carolina",1673,463,13526
191,1500000US371190032011,371190032011,"Block Group 1, Census Tract 32.01, Mecklenburg County, North Carolina",1185,303,25090
192,1500000US371190032012,371190032012,"Block Group 2, Census Tract 32.01, Mecklenburg County, North Carolina",1507,341,26447
193,1500000US371190032031,371190032031,"Block Group 1, Census Tract 32.03, Mecklenburg County, North Carolina",1605,369,34689
194,1500000US371190032032,371190032032,"Block Group 2, Census Tract 32.03, Mecklenburg County, North Carolina",938,182,45241
195,1500000US371190032041,371190032041,"Block Group 1, Census Tract 32.04, Mecklenburg County, North Carolina",858,139,69405
196,1500000US371190032042,371190032042,"Block Group 2, Census Tract 32.04, Mecklenburg County, North Carolina",1792,373,38038
197,1500000US371190032043,371190032043,"Block Group 3, Census Tract 32.04, Mecklenburg County, North Carolina",914,262,70924
198,1500000US371190033001,371190033001,"Block Group 1, Census Tract 33, Mecklenburg County, North Carolina",1517,193,49648
199,1500000US371190033002,371190033002,"Block Group 2, Census Tract 33, Mecklenburg County, North Carolina",920,284,33504
200,1500000US371190033003,371190033003,"Block Group 3, Census Tract 33, Mecklenburg County, North Carolina",731,154,46004
201,1500000US371190034001,371190034001,"Block Group 1, Census Tract 34, Mecklenburg County, North Carolina",1886,359,75456
202,1500000US371190034002,371190034002,"Block Group 2, Census Tract 34, Mecklenburg County, North Carolina",1203,284,101530
203,1500000US371190034003,371190034003,"Block Group 3, Census Tract 34, Mecklenburg County, North Carolina",1366,342,82676
204,1500000US371190034004,371190034004,"Block Group 4, Census Tract 34, Mecklenburg County, North Carolina",854,227,73789
205,1500000US371190035001,371190035001,"Block Group 1, Census Tract 35, Mecklenburg County, North Carolina",1273,198,65056
206,1500000US371190035002,371190035002,"Block Group 2, Census Tract 35, Mecklenburg County, North Carolina",1268,200,104285
207,1500000US371190036001,371190036001,"Block Group 1, Census Tract 36, Mecklenburg County, North Carolina",1131,364,38656
208,1500000US371190036002,371190036002,"Block Group 2, Census Tract 36, Mecklenburg County, North Carolina",1043,277,29018
209,1500000US371190036003,371190036003,"Block Group 3, Census Tract 36, Mecklenburg County, North Carolina",989,283,15131
210,1500000US371190036004,371190036004,"Block Group 4, Census Tract 36, Mecklenburg County, North Carolina",1003,444,10585
211,1500000US371190037001,371190037001,"Block Group 1, Census Tract 37, Mecklenburg County, North Carolina",1590,241,52941
212,1500000US371190037002,371190037002,"Block Group 2, Census Tract 37, Mecklenburg County, North Carolina",1545,355,13070
213,1500000US371190038021,371190038021,"Block Group 1, Census Tract 38.02, Mecklenburg County, North Carolina",1317,358,22706
214,1500000US371190038022,371190038022,"Block Group 2, Census Tract 38.02, Mecklenburg County, North Carolina",2269,375,12786
215,1500000US371190038023,371190038023,"Block Group 3, Census Tract 38.02, Mecklenburg County, North Carolina",287,240,12179
216,1500000US371190038051,371190038051,"Block Group 1, Census Tract 38.05, Mecklenburg County, North Carolina",2452,255,37358
217,1500000US371190038061,371190038061,"Block Group 1, Census Tract 38.06, Mecklenburg County, North Carolina",3674,657,22700
218,1500000US371190038062,371190038062,"Block Group 2, Census Tract 38.06, Mecklenburg County, North Carolina",1710,769,16977
219,1500000US371190038063,371190038063,"Block Group 3, Census Tract 38.06, Mecklenburg County, North Carolina",2218,525,35973
220,1500000US371190038064,371190038064,"Block Group 4, Census Tract 38.06, Mecklenburg County, North Carolina",1839,596,24975
221,1500000US371190038071,371190038071,"Block Group 1, Census Tract 38.07, Mecklenburg County, North Carolina",1220,296,20200
222,1500000US371190038072,371190038072,"Block Group 2, Census Tract 38.07, Mecklenburg County, North Carolina",3682,499,15451
223,1500000US371190038081,371190038081,"Block Group 1, Census Tract 38.08, Mecklenburg County, North Carolina",2001,406,14661
224,1500000US371190038082,371190038082,"Block Group 2, Census Tract 38.08, Mecklenburg County, North Carolina",4048,583,18627
225,1500000US371190039021,371190039021,"Block Group 1, Census Tract 39.02, Mecklenburg County, North Carolina",1336,378,16679
226,1500000US371190039022,371190039022,"Block Group 2, Census Tract 39.02, Mecklenburg County, North Carolina",1548,403,9896
227,1500000US371190039023,371190039023,"Block Group 3, Census Tract 39.02, Mecklenburg County, North Carolina",691,235,15616
228,1500000US371190039024,371190039024,"Block Group 4, Census Tract 39.02, Mecklenburg County, North Carolina",1286,403,10243
229,1500000US371190039031,371190039031,"Block Group 1, Census Tract 39.03, Mecklenburg County, North Carolina",917,223,5680
230,1500000US371190039032,371190039032,"Block Group 2, Census Tract 39.03, Mecklenburg County, North Carolina",942,227,12195
231,1500000US371190040001,371190040001,"Block Group 1, Census Tract 40, Mecklenburg County, North Carolina",1361,424,13253
232,1500000US371190040002,371190040002,"Block Group 2, Census Tract 40, Mecklenburg County, North Carolina",629,186,18280
233,1500000US371190040003,371190040003,"Block Group 3, Census Tract 40, Mecklenburg County, North Carolina",922,305,20229
234,1500000US371190040004,371190040004,"Block Group 4, Census Tract 40, Mecklenburg County, North Carolina",1897,357,26019
235,1500000US371190041001,371190041001,"Block Group 1, Census Tract 41, Mecklenburg County, North Carolina",615,210,16275
236,1500000US371190041002,371190041002,"Block Group 2, Census Tract 41, Mecklenburg County, North Carolina",1758,278,51494
237,1500000US371190041003,371190041003,"Block Group 3, Census Tract 41, Mecklenburg County, North Carolina",323,161,29612
238,1500000US371190041004,371190041004,"Block Group 4, Census Tract 41, Mecklenburg County, North Carolina",742,238,11610
239,1500000US371190042001,371190042001,"Block Group 1, Census Tract 42, Mecklenburg County, North Carolina",776,302,10866
240,1500000US371190042002,371190042002,"Block Group 2, Census Tract 42, Mecklenburg County, North Carolina",843,268,19193
241,1500000US371190042003,371190042003,"Block Group 3, Census Tract 42, Mecklenburg County, North Carolina",542,268,18653
242,1500000US371190042004,371190042004,"Block Group 4, Census Tract 42, Mecklenburg County, North Carolina",1306,353,15314
243,1500000US371190043021,371190043021,"Block Group 1, Census Tract 43.02, Mecklenburg County, North Carolina",829,264,13130
244,1500000US371190043022,371190043022,"Block Group 2, Census Tract 43.02, Mecklenburg County, North Carolina",2747,496,14859
245,1500000US371190043023,371190043023,"Block Group 3, Census Tract 43.02, Mecklenburg County, North Carolina",1660,513,13399
246,1500000US371190043031,371190043031,"Block Group 1, Census Tract 43.03, Mecklenburg County, North Carolina",2934,274,20971
247,1500000US371190043041,371190043041,"Block Group 1, Census Tract 43.04, Mecklenburg County, North Carolina",2921,576,19333
248,1500000US371190043042,371190043042,"Block Group 2, Census Tract 43.04, Mecklenburg County, North Carolina",1163,351,18599
249,1500000US371190043051,371190043051,"Block Group 1, Census Tract 43.05, Mecklenburg County, North Carolina",2572,685,21028
250,1500000US371190043052,371190043052,"Block Group 2, Census Tract 43.05, Mecklenburg County, North Carolina",3687,923,11867
251,1500000US371190044001,371190044001,"Block Group 1, Census Tract 44, Mecklenburg County, North Carolina",781,294,12976
252,1500000US371190044002,371190044002,"Block Group 2, Census Tract 44, Mecklenburg County, North Carolina",3382,540,18558
253,1500000US371190045001,371190045001,"Block Group 1, Census Tract 45, Mecklenburg County, North Carolina",1173,436,9561
254,1500000US371190045002,371190045002,"Block Group 2, Census Tract 45, Mecklenburg County, North Carolina",1151,390,12696
255,1500000US371190045003,371190045003,"Block Group 3, Census Tract 45, Mecklenburg County, North Carolina",680,234,25073
256,1500000US371190046001,371190046001,"Block Group 1, Census Tract 46, Mecklenburg County, North Carolina",1300,346,17629
257,1500000US371190046002,371190046002,"Block Group 2, Census Tract 46, Mecklenburg County, North Carolina",1647,398,12723
258,1500000US371190047001,371190047001,"Block Group 1, Census Tract 47, Mecklenburg County, North Carolina",1839,269,11641
259,1500000US371190048001,371190048001,"Block Group 1, Census Tract 48, Mecklenburg County, North Carolina",1334,340,11616
260,1500000US371190048002,371190048002,"Block Group 2, Census Tract 48, Mecklenburg County, North Carolina",1245,327,18434
261,1500000US371190048003,371190048003,"Block Group 3, Census Tract 48, Mecklenburg County, North Carolina",934,232,18606
262,1500000US371190049001,371190049001,"Block Group 1, Census Tract 49, Mecklenburg County, North Carolina",554,108,18027
263,1500000US371190050001,371190050001,"Block Group 1, Census Tract 50, Mecklenburg County, North Carolina",1268,225,13876
264,1500000US371190050002,371190050002,"Block Group 2, Census Tract 50, Mecklenburg County, North Carolina",600,191,26673
265,1500000US371190051001,371190051001,"Block Group 1, Census Tract 51, Mecklenburg County, North Carolina",1117,303,15483
266,1500000US371190051002,371190051002,"Block Group 2, Census Tract 51, Mecklenburg County, North Carolina",1322,268,13169
267,1500000US371190052001,371190052001,"Block Group 1, Census Tract 52, Mecklenburg County, North Carolina",605,200,12552
268,1500000US371190052002,371190052002,"Block Group 2, Census Tract 52, Mecklenburg County, North Carolina",692,220,12325
269,1500000US371190052003,371190052003,"Block Group 3, Census Tract 52, Mecklenburg County, North Carolina",722,196,13399
270,1500000US371190053011,371190053011,"Block Group 1, Census Tract 53.01, Mecklenburg County, North Carolina",3530,452,12230
271,1500000US371190053012,371190053012,"Block Group 2, Census Tract 53.01, Mecklenburg County, North Carolina",842,401,12057
272,1500000US371190053051,371190053051,"Block Group 1, Census Tract 53.05, Mecklenburg County, North Carolina",951,306,13818
273,1500000US371190053052,371190053052,"Block Group 2, Census Tract 53.05, Mecklenburg County, North Carolina",1551,387,18928
274,1500000US371190053053,371190053053,"Block Group 3, Census Tract 53.05, Mecklenburg County, North Carolina",2536,537,15532
275,1500000US371190053061,371190053061,"Block Group 1, Census Tract 53.06, Mecklenburg County, North Carolina",554,203,17491
276,1500000US371190053062,371190053062,"Block Group 2, Census Tract 53.06, Mecklenburg County, North Carolina",1863,289,13111
277,1500000US371190053071,371190053071,"Block Group 1, Census Tract 53.07, Mecklenburg County, North Carolina",2421,393,13962
278,1500000US371190053072,371190053072,"Block Group 2, Census Tract 53.07, Mecklenburg County, North Carolina",1083,218,17976
279,1500000US371190053081,371190053081,"Block Group 1, Census Tract 53.08, Mecklenburg County, North Carolina",1653,270,18221
280,1500000US371190053082,371190053082,"Block Group 2, Census Tract 53.08, Mecklenburg County, North Carolina",948,242,9905
281,1500000US371190054011,371190054011,"Block Group 1, Census Tract 54.01, Mecklenburg County, North Carolina",2972,568,19438
282,1500000US371190054012,371190054012,"Block Group 2, Census Tract 54.01, Mecklenburg County, North Carolina",2450,587,21270
283,1500000US371190054013,371190054013,"Block Group 3, Census Tract 54.01, Mecklenburg County, North Carolina",1660,638,16396
284,1500000US371190054031,371190054031,"Block Group 1, Census Tract 54.03, Mecklenburg County, North Carolina",2533,363,19813
285,1500000US371190054032,371190054032,"Block Group 2, Census Tract 54.03, Mecklenburg County, North Carolina",1806,388,16859
286,1500000US371190054041,371190054041,"Block Group 1, Census Tract 54.04, Mecklenburg County, North Carolina",2629,463,23445
287,1500000US371190054042,371190054042,"Block Group 2, Census Tract 54.04, Mecklenburg County, North Carolina",2126,357,25312
288,1500000US371190055081,371190055081,"Block Group 1, Census Tract 55.08, Mecklenburg County, North Carolina",2338,403,36694
289,1500000US371190055082,371190055082,"Block Group 2, Census Tract 55.08, Mecklenburg County, North Carolina",1862,327,45319
290,1500000US371190055091,371190055091,"Block Group 1, Census Tract 55.09, Mecklenburg County, North Carolina",1900,372,34347
291,1500000US371190055092,371190055092,"Block Group 2, Census Tract 55.09, Mecklenburg County, North Carolina",1485,513,29436
292,1500000US371190055093,371190055093,"Block Group 3, Census Tract 55.09, Mecklenburg County, North Carolina",2459,644,26258
293,1500000US371190055101,371190055101,"Block Group 1, Census Tract 55.10, Mecklenburg County, North Carolina",2182,442,13774
294,1500000US371190055102,371190055102,"Block Group 2, Census Tract 55.10, Mecklenburg County, North Carolina",3517,439,23729
295,1500000US371190055111,371190055111,"Block Group 1, Census Tract 55.11, Mecklenburg County, North Carolina",1078,317,21145
296,1500000US371190055112,371190055112,"Block Group 2, Census Tract 55.11, Mecklenburg County, North Carolina",1562,311,30060
297,1500000US371190055113,371190055113,"Block Group 3, Census Tract 55.11, Mecklenburg County, North Carolina",1388,285,32450
298,1500000US371190055121,371190055121,"Block Group 1, Census Tract 55.12, Mecklenburg County, North Carolina",623,168,21017
299,1500000US371190055122,371190055122,"Block Group 2, Census Tract 55.12, Mecklenburg County, North Carolina",1083,252,26552
300,1500000US371190055123,371190055123,"Block Group 3, Census Tract 55.12, Mecklenburg County, North Carolina",3127,354,20553
301,1500000US371190055131,371190055131,"Block Group 1, Census Tract 55.13, Mecklenburg County, North Carolina",1898,344,30822
302,1500000US371190055132,371190055132,"Block Group 2, Census Tract 55.13, Mecklenburg County, North Carolina",1367,218,39564
303,1500000US371190055133,371190055133,"Block Group 3, Census Tract 55.13, Mecklenburg County, North Carolina",974,223,34865
304,1500000US371190055141,371190055141,"Block Group 1, Census Tract 55.14, Mecklenburg County, North Carolina",2871,595,34953
305,1500000US371190055142,371190055142,"Block Group 2, Census Tract 55.14, Mecklenburg County, North Carolina",1882,437,41563
306,1500000US371190055143,371190055143,"Block Group 3, Census Tract 55.14, Mecklenburg County, North Carolina",2076,326,43296
307,1500000US371190055151,371190055151,"Block Group 1, Census Tract 55.15, Mecklenburg County, North Carolina",2418,249,40767
308,1500000US371190055161,371190055161,"Block Group 1, Census Tract 55.16, Mecklenburg County, North Carolina",1891,170,41694
309,1500000US371190055171,371190055171,"Block Group 1, Census Tract 55.17, Mecklenburg County, North Carolina",2930,364,43204
310,1500000US371190055172,371190055172,"Block Group 2, Census Tract 55.17, Mecklenburg County, North Carolina",1293,267,34122
311,1500000US371190055181,371190055181,"Block Group 1, Census Tract 55.18, Mecklenburg County, North Carolina",3959,570,32990
312,1500000US371190055182,371190055182,"Block Group 2, Census Tract 55.18, Mecklenburg County, North Carolina",2151,503,28984
313,1500000US371190055191,371190055191,"Block Group 1, Census Tract 55.19, Mecklenburg County, North Carolina",2755,321,32606
314,1500000US371190055192,371190055192,"Block Group 2, Census Tract 55.19, Mecklenburg County, North Carolina",2370,304,34988
315,1500000US371190055201,371190055201,"Block Group 1, Census Tract 55.20, Mecklenburg County, North Carolina",4176,441,33266
316,1500000US371190055202,371190055202,"Block Group 2, Census Tract 55.20, Mecklenburg County, North Carolina",598,186,30666
317,1500000US371190055211,371190055211,"Block Group 1, Census Tract 55.21, Mecklenburg County, North Carolina",856,299,18847
318,1500000US371190055212,371190055212,"Block Group 2, Census Tract 55.21, Mecklenburg County, North Carolina",2303,722,28350
319,1500000US371190055213,371190055213,"Block Group 3, Census Tract 55.21, Mecklenburg County, North Carolina",4728,693,29035
320,1500000US371190055221,371190055221,"Block Group 1, Census Tract 55.22, Mecklenburg County, North Carolina",1158,338,42777
321,1500000US371190055222,371190055222,"Block Group 2, Census Tract 55.22, Mecklenburg County, North Carolina",2134,483,31774
322,1500000US371190055223,371190055223,"Block Group 3, Census Tract 55.22, Mecklenburg County, North Carolina",1270,422,32710
323,1500000US371190055231,371190055231,"Block Group 1, Census Tract 55.23, Mecklenburg County, North Carolina",893,405,31135
324,1500000US371190055232,371190055232,"Block Group 2, Census Tract 55.23, Mecklenburg County, North Carolina",2891,467,24375
325,1500000US371190055233,371190055233,"Block Group 3, Census Tract 55.23, Mecklenburg County, North Carolina",1944,486,27040
326,1500000US371190055241,371190055241,"Block Group 1, Census Tract 55.24, Mecklenburg County, North Carolina",1195,525,37183
327,1500000US371190055242,371190055242,"Block Group 2, Census Tract 55.24, Mecklenburg County, North Carolina",1214,385,28481
328,1500000US371190055243,371190055243,"Block Group 3, Census Tract 55.24, Mecklenburg County, North Carolina",2922,681,21510
329,1500000US371190055244,371190055244,"Block Group 4, Census Tract 55.24, Mecklenburg County, North Carolina",1564,431,30164
330,1500000US371190055245,371190055245,"Block Group 5, Census Tract 55.24, Mecklenburg County, North Carolina",1004,368,31291
331,1500000US371190055246,371190055246,"Block Group 6, Census Tract 55.24, Mecklenburg County, North Carolina",1488,452,25985
332,1500000US371190056041,371190056041,"Block Group 1, Census Tract 56.04, Mecklenburg County, North Carolina",1835,254,15502
333,1500000US371190056042,371190056042,"Block Group 2, Census Tract 56.04, Mecklenburg County, North Carolina",1989,205,4285
334,1500000US371190056043,371190056043,"Block Group 3, Census Tract 56.04, Mecklenburg County, North Carolina",1761,282,4074
335,1500000US371190056051,371190056051,"Block Group 1, Census Tract 56.05, Mecklenburg County, North Carolina",2599,946,21424
336,1500000US371190056052,371190056052,"Block Group 2, Census Tract 56.05, Mecklenburg County, North Carolina",1582,714,30923
337,1500000US371190056053,371190056053,"Block Group 3, Census Tract 56.05, Mecklenburg County, North Carolina",2275,690,14578
338,1500000US371190056091,371190056091,"Block Group 1, Census Tract 56.09, Mecklenburg County, North Carolina",3668,496,10024
339,1500000US371190056101,371190056101,"Block Group 1, Census Tract 56.10, Mecklenburg County, North Carolina",1011,301,18490
340,1500000US371190056102,371190056102,"Block Group 2, Census Tract 56.10, Mecklenburg County, North Carolina",2250,401,19563
341,1500000US371190056111,371190056111,"Block Group 1, Census Tract 56.11, Mecklenburg County, North Carolina",2927,198,25419
342,1500000US371190056121,371190056121,"Block Group 1, Census Tract 56.12, Mecklenburg County, North Carolina",2748,466,27862
343,1500000US371190056122,371190056122,"Block Group 2, Census Tract 56.12, Mecklenburg County, North Carolina",1695,307,38497
344,1500000US371190056131,371190056131,"Block Group 1, Census Tract 56.13, Mecklenburg County, North Carolina",2830,319,27546
345,1500000US371190056141,371190056141,"Block Group 1, Census Tract 56.14, Mecklenburg County, North Carolina",1858,492,31461
346,1500000US371190056142,371190056142,"Block Group 2, Census Tract 56.14, Mecklenburg County, North Carolina",2817,539,35148
347,1500000US371190056143,371190056143,"Block Group 3, Census Tract 56.14, Mecklenburg County, North Carolina",2587,642,30844
348,1500000US371190056151,371190056151,"Block Group 1, Census Tract 56.15, Mecklenburg County, North Carolina",1641,105,34208
349,1500000US371190056161,371190056161,"Block Group 1, Census Tract 56.16, Mecklenburg County, North Carolina",1502,226,20791
350,1500000US371190056171,371190056171,"Block Group 1, Census Tract 56.17, Mecklenburg County, North Carolina",2005,221,23061
351,1500000US371190056172,371190056172,"Block Group 2, Census Tract 56.17, Mecklenburg County, North Carolina",61,57,38970
352,1500000US371190056181,371190056181,"Block Group 1, Census Tract 56.18, Mecklenburg County, North Carolina",2106,346,38314
353,1500000US371190056182,371190056182,"Block Group 2, Census Tract 56.18, Mecklenburg County, North Carolina",1532,341,22540
354,1500000US371190056191,371190056191,"Block Group 1, Census Tract 56.19, Mecklenburg County, North Carolina",2468,364,23699
355,1500000US371190056192,371190056192,"Block Group 2, Census Tract 56.19, Mecklenburg County, North Carolina",2099,373,25798
356,1500000US371190056201,371190056201,"Block Group 1, Census Tract 56.20, Mecklenburg County, North Carolina",2112,552,24755
357,1500000US371190056202,371190056202,"Block Group 2, Census Tract 56.20, Mecklenburg County, North Carolina",4300,1068,19870
358,1500000US371190056203,371190056203,"Block Group 3, Census Tract 56.20, Mecklenburg County, North Carolina",2600,578,24498
359,1500000US371190056211,371190056211,"Block Group 1, Census Tract 56.21, Mecklenburg County, North Carolina",2265,300,35757
360,1500000US371190056212,371190056212,"Block Group 2, Census Tract 56.21, Mecklenburg County, North Carolina",739,258,27326
361,1500000US371190056213,371190056213,"Block Group 3, Census Tract 56.21, Mecklenburg County, North Carolina",1298,309,35347
362,1500000US371190057061,371190057061,"Block Group 1, Census Tract 57.06, Mecklenburg County, North Carolina",1943,496,29374
363,1500000US371190057062,371190057062,"Block Group 2, Census Tract 57.06, Mecklenburg County, North Carolina",1788,494,19760
364,1500000US371190057063,371190057063,"Block Group 3, Census Tract 57.06, Mecklenburg County, North Carolina",1904,629,19997
365,1500000US371190057064,371190057064,"Block Group 4, Census Tract 57.06, Mecklenburg County, North Carolina",1832,476,28155
366,1500000US371190057091,371190057091,"Block Group 1, Census Tract 57.09, Mecklenburg County, North Carolina",1763,285,38819
367,1500000US371190057092,371190057092,"Block Group 2, Census Tract 57.09, Mecklenburg County, North Carolina",2331,250,29875
368,1500000US371190057101,371190057101,"Block Group 1, Census Tract 57.10, Mecklenburg County, North Carolina",2645,416,20694
369,1500000US371190057102,371190057102,"Block Group 2, Census Tract 57.10, Mecklenburg County, North Carolina",2093,356,20554
370,1500000US371190057111,371190057111,"Block Group 1, Census Tract 57.11, Mecklenburg County, North Carolina",528,241,34564
371,1500000US371190057112,371190057112,"Block Group 2, Census Tract 57.11, Mecklenburg County, North Carolina",2411,412,40306
372,1500000US371190057113,371190057113,"Block Group 3, Census Tract 57.11, Mecklenburg County, North Carolina",3553,493,35207
373,1500000US371190057121,371190057121,"Block Group 1, Census Tract 57.12, Mecklenburg County, North Carolina",2620,323,30897
374,1500000US371190057122,371190057122,"Block Group 2, Census Tract 57.12, Mecklenburg County, North Carolina",1516,282,29766
375,1500000US371190057131,371190057131,"Block Group 1, Census Tract 57.13, Mecklenburg County, North Carolina",2390,288,35987
376,1500000US371190057132,371190057132,"Block Group 2, Census Tract 57.13, Mecklenburg County, North Carolina",1790,309,39991
377,1500000US371190057141,371190057141,"Block Group 1, Census Tract 57.14, Mecklenburg County, North Carolina",2153,312,41433
378,1500000US371190057142,371190057142,"Block Group 2, Census Tract 57.14, Mecklenburg County, North Carolina",1632,316,42913
379,1500000US371190057143,371190057143,"Block Group 3, Census Tract 57.14, Mecklenburg County, North Carolina",1274,214,38334
380,1500000US371190057151,371190057151,"Block Group 1, Census Tract 57.15, Mecklenburg County, North Carolina",2749,206,28452
381,1500000US371190057161,371190057161,"Block Group 1, Census Tract 57.16, Mecklenburg County, North Carolina",2336,400,26034
382,1500000US371190057162,371190057162,"Block Group 2, Census Tract 57.16, Mecklenburg County, North Carolina",2150,476,28136
383,1500000US371190057171,371190057171,"Block Group 1, Census Tract 57.17, Mecklenburg County, North Carolina",2490,423,20068
384,1500000US371190057172,371190057172,"Block Group 2, Census Tract 57.17, Mecklenburg County, North Carolina",1190,455,24024
385,1500000US371190057173,371190057173,"Block Group 3, Census Tract 57.17, Mecklenburg County, North Carolina",3149,427,28799
386,1500000US371190058111,371190058111,"Block Group 1, Census Tract 58.11, Mecklenburg County, North Carolina",2632,304,35574
387,1500000US371190058112,371190058112,"Block Group 2, Census Tract 58.11, Mecklenburg County, North Carolina",1720,285,50012
388,1500000US371190058121,371190058121,"Block Group 1, Census Tract 58.12, Mecklenburg County, North Carolina",2487,404,39784
389,1500000US371190058122,371190058122,"Block Group 2, Census Tract 58.12, Mecklenburg County, North Carolina",2443,390,26694
390,1500000US371190058123,371190058123,"Block Group 3, Census Tract 58.12, Mecklenburg County, North Carolina",2012,483,21987
391,1500000US371190058151,371190058151,"Block Group 1, Census Tract 58.15, Mecklenburg County, North Carolina",2891,309,51303
392,1500000US371190058152,371190058152,"Block Group 2, Census Tract 58.15, Mecklenburg County, North Carolina",877,227,44593
393,1500000US371190058161,371190058161,"Block Group 1, Census Tract 58.16, Mecklenburg County, North Carolina",3738,349,69248
394,1500000US371190058162,371190058162,"Block Group 2, Census Tract 58.16, Mecklenburg County, North Carolina",821,166,48025
395,1500000US371190058171,371190058171,"Block Group 1, Census Tract 58.17, Mecklenburg County, North Carolina",1453,286,39959
396,1500000US371190058172,371190058172,"Block Group 2, Census Tract 58.17, Mecklenburg County, North Carolina",3015,259,49447
397,1500000US371190058231,371190058231,"Block Group 1, Census Tract 58.23, Mecklenburg County, North Carolina",931,237,57088
398,1500000US371190058232,371190058232,"Block Group 2, Census Tract 58.23, Mecklenburg County, North Carolina",1950,756,33763
399,1500000US371190058233,371190058233,"Block Group 3, Census Tract 58.23, Mecklenburg County, North Carolina",1819,387,42093
400,1500000US371190058234,371190058234,"Block Group 4, Census Tract 58.23, Mecklenburg County, North Carolina",3862,553,38864
401,1500000US371190058241,371190058241,"Block Group 1, Census Tract 58.24, Mecklenburg County, North Carolina",3927,359,23222
402,1500000US371190058251,371190058251,"Block Group 1, Census Tract 58.25, Mecklenburg County, North Carolina",3121,358,32941
403,1500000US371190058252,371190058252,"Block Group 2, Census Tract 58.25, Mecklenburg County, North Carolina",2025,377,30453
404,1500000US371190058261,371190058261,"Block Group 1, Census Tract 58.26, Mecklenburg County, North Carolina",750,178,25315
405,1500000US371190058262,371190058262,"Block Group 2, Census Tract 58.26, Mecklenburg County, North Carolina",2114,254,25287
406,1500000US371190058271,371190058271,"Block Group 1, Census Tract 58.27, Mecklenburg County, North Carolina",2949,319,24717
407,1500000US371190058281,371190058281,"Block Group 1, Census Tract 58.28, Mecklenburg County, North Carolina",2479,272,54350
408,1500000US371190058282,371190058282,"Block Group 2, Census Tract 58.28, Mecklenburg County, North Carolina",378,120,78832
409,1500000US371190058283,371190058283,"Block Group 3, Census Tract 58.28, Mecklenburg County, North Carolina",1107,220,38536
410,1500000US371190058291,371190058291,"Block Group 1, Census Tract 58.29, Mecklenburg County, North Carolina",1026,270,31608
411,1500000US371190058292,371190058292,"Block Group 2, Census Tract 58.29, Mecklenburg County, North Carolina",1144,250,25614
412,1500000US371190058301,371190058301,"Block Group 1, Census Tract 58.30, Mecklenburg County, North Carolina",1626,303,27212
413,1500000US371190058302,371190058302,"Block Group 2, Census Tract 58.30, Mecklenburg County, North Carolina",2183,277,30290
414,1500000US371190058311,371190058311,"Block Group 1, Census Tract 58.31, Mecklenburg County, North Carolina",2682,476,44033
415,1500000US371190058312,371190058312,"Block Group 2, Census Tract 58.31, Mecklenburg County, North Carolina",1919,429,45147
416,1500000US371190058313,371190058313,"Block Group 3, Census Tract 58.31, Mecklenburg County, North Carolina",307,103,39433
417,1500000US371190058321,371190058321,"Block Group 1, Census Tract 58.32, Mecklenburg County, North Carolina",2956,196,76103
418,1500000US371190058331,371190058331,"Block Group 1, Census Tract 58.33, Mecklenburg County, North Carolina",1211,186,44739
419,1500000US371190058332,371190058332,"Block Group 2, Census Tract 58.33, Mecklenburg County, North Carolina",2670,244,50968
420,1500000US371190058333,371190058333,"Block Group 3, Census Tract 58.33, Mecklenburg County, North Carolina",1280,183,39737
421,1500000US371190058341,371190058341,"Block Group 1, Census Tract 58.34, Mecklenburg County, North Carolina",3450,346,31914
422,1500000US371190058342,371190058342,"Block Group 2, Census Tract 58.34, Mecklenburg County, North Carolina",1154,192,35858
423,1500000US371190058351,371190058351,"Block Group 1, Census Tract 58.35, Mecklenburg County, North Carolina",3068,134,43373
424,1500000US371190058361,371190058361,"Block Group 1, Census Tract 58.36, Mecklenburg County, North Carolina",2504,350,25684
425,1500000US371190058362,371190058362,"Block Group 2, Census Tract 58.36, Mecklenburg County, North Carolina",1477,292,44261
426,1500000US371190058371,371190058371,"Block Group 1, Census Tract 58.37, Mecklenburg County, North Carolina",2118,311,53065
427,1500000US371190058372,371190058372,"Block Group 2, Census Tract 58.37, Mecklenburg County, North Carolina",1988,400,45181
428,1500000US371190058373,371190058373,"Block Group 3, Census Tract 58.37, Mecklenburg County, North Carolina",1124,392,55675
429,1500000US371190058374,371190058374,"Block Group 4, Census Tract 58.37, Mecklenburg County, North Carolina",2523,663,71837
430,1500000US371190058381,371190058381,"Block Group 1, Census Tract 58.38, Mecklenburg County, North Carolina",2132,333,50952
431,1500000US371190058382,371190058382,"Block Group 2, Census Tract 58.38, Mecklenburg County, North Carolina",2131,447,61964
432,1500000US371190058383,371190058383,"Block Group 3, Census Tract 58.38, Mecklenburg County, North Carolina",4176,566,35706
433,1500000US371190058391,371190058391,"Block Group 1, Census Tract 58.39, Mecklenburg County, North Carolina",2767,271,41543
434,1500000US371190058401,371190058401,"Block Group 1, Census Tract 58.40, Mecklenburg County, North Carolina",2199,217,46166
435,1500000US371190058411,371190058411,"Block Group 1, Census Tract 58.41, Mecklenburg County, North Carolina",3191,447,66756
436,1500000US371190058412,371190058412,"Block Group 2, Census Tract 58.41, Mecklenburg County, North Carolina",1271,429,46208
437,1500000US371190058413,371190058413,"Block Group 3, Census Tract 58.41, Mecklenburg County, North Carolina",2403,388,56279
438,1500000US371190058421,371190058421,"Block Group 1, Census Tract 58.42, Mecklenburg County, North Carolina",1900,529,43429
439,1500000US371190058422,371190058422,"Block Group 2, Census Tract 58.42, Mecklenburg County, North Carolina",1663,350,41799
440,1500000US371190058423,371190058423,"Block Group 3, Census Tract 58.42, Mecklenburg County, North Carolina",3110,387,39982
441,1500000US371190058431,371190058431,"Block Group 1, Census Tract 58.43, Mecklenburg County, North Carolina",1535,251,51001
442,1500000US371190058432,371190058432,"Block Group 2, Census Tract 58.43, Mecklenburg County, North Carolina",1609,252,46163
443,1500000US371190058441,371190058441,"Block Group 1, Census Tract 58.44, Mecklenburg County, North Carolina",3540,674,39015
444,1500000US371190058442,371190058442,"Block Group 2, Census Tract 58.44, Mecklenburg County, North Carolina",5253,543,47511
445,1500000US371190058451,371190058451,"Block Group 1, Census Tract 58.45, Mecklenburg County, North Carolina",1168,210,42769
446,1500000US371190058452,371190058452,"Block Group 2, Census Tract 58.45, Mecklenburg County, North Carolina",3332,255,47852
447,1500000US371190058461,371190058461,"Block Group 1, Census Tract 58.46, Mecklenburg County, North Carolina",1845,199,68367
448,1500000US371190058462,371190058462,"Block Group 2, Census Tract 58.46, Mecklenburg County, North Carolina",2127,252,65858
449,1500000US371190058471,371190058471,"Block Group 1, Census Tract 58.47, Mecklenburg County, North Carolina",1543,341,58125
450,1500000US371190058472,371190058472,"Block Group 2, Census Tract 58.47, Mecklenburg County, North Carolina",2475,295,55688
451,1500000US371190058473,371190058473,"Block Group 3, Census Tract 58.47, Mecklenburg County, North Carolina",627,157,51253
452,1500000US371190058481,371190058481,"Block Group 1, Census Tract 58.48, Mecklenburg County, North Carolina",2806,390,56759
453,1500000US371190058482,371190058482,"Block Group 2, Census Tract 58.48, Mecklenburg County, North Carolina",1685,286,56909
454,1500000US371190058483,371190058483,"Block Group 3, Census Tract 58.48, Mecklenburg County, North Carolina",1175,252,57777
455,1500000US371190059061,371190059061,"Block Group 1, Census Tract 59.06, Mecklenburg County, North Carolina",2154,353,35424
456,1500000US371190059062,371190059062,"Block Group 2, Census Tract 59.06, Mecklenburg County, North Carolina",736,289,13149
457,1500000US371190059063,371190059063,"Block Group 3, Census Tract 59.06, Mecklenburg County, North Carolina",1430,344,29476
458,1500000US371190059064,371190059064,"Block Group 4, Census Tract 59.06, Mecklenburg County, North Carolina",366,174,20092
459,1500000US371190059071,371190059071,"Block Group 1, Census Tract 59.07, Mecklenburg County, North Carolina",3881,436,37084
460,1500000US371190059072,371190059072,"Block Group 2, Census Tract 59.07, Mecklenburg County, North Carolina",1656,371,34686
461,1500000US371190059081,371190059081,"Block Group 1, Census Tract 59.08, Mecklenburg County, North Carolina",1522,138,74896
462,1500000US371190059091,371190059091,"Block Group 1, Census Tract 59.09, Mecklenburg County, North Carolina",5033,922,30484
463,1500000US371190059092,371190059092,"Block Group 2, Census Tract 59.09, Mecklenburg County, North Carolina",3736,935,28140
464,1500000US371190059101,371190059101,"Block Group 1, Census Tract 59.10, Mecklenburg County, North Carolina",5635,504,26630
465,1500000US371190059111,371190059111,"Block Group 1, Census Tract 59.11, Mecklenburg County, North Carolina",3513,369,58006
466,1500000US371190059112,371190059112,"Block Group 2, Census Tract 59.11, Mecklenburg County, North Carolina",2684,443,32741
467,1500000US371190059121,371190059121,"Block Group 1, Census Tract 59.12, Mecklenburg County, North Carolina",1578,305,27799
468,1500000US371190059122,371190059122,"Block Group 2, Census Tract 59.12, Mecklenburg County, North Carolina",3655,406,28812
469,1500000US371190059131,371190059131,"Block Group 1, Census Tract 59.13, Mecklenburg County, North Carolina",1624,507,24521
470,1500000US371190059132,371190059132,"Block Group 2, Census Tract 59.13, Mecklenburg County, North Carolina",3249,573,26635
471,1500000US371190059133,371190059133,"Block Group 3, Census Tract 59.13, Mecklenburg County, North Carolina",1926,566,28976
472,1500000US371190059141,371190059141,"Block Group 1, Census Tract 59.14, Mecklenburg County, North Carolina",2985,620,34184
473,1500000US371190059142,371190059142,"Block Group 2, Census Tract 59.14, Mecklenburg County, North Carolina",1374,508,30553
474,1500000US371190059143,371190059143,"Block Group 3, Census Tract 59.14, Mecklenburg County, North Carolina",2412,534,34194
475,1500000US371190059151,371190059151,"Block Group 1, Census Tract 59.15, Mecklenburg County, North Carolina",2097,175,46561
476,1500000US371190059161,371190059161,"Block Group 1, Census Tract 59.16, Mecklenburg County, North Carolina",1356,239,19666
477,1500000US371190059162,371190059162,"Block Group 2, Census Tract 59.16, Mecklenburg County, North Carolina",1357,270,12304
478,1500000US371190059171,371190059171,"Block Group 1, Census Tract 59.17, Mecklenburg County, North Carolina",3250,470,34488
479,1500000US371190059172,371190059172,"Block Group 2, Census Tract 59.17, Mecklenburg County, North Carolina",2975,495,28536
480,1500000US371190059181,371190059181,"Block Group 1, Census Tract 59.18, Mecklenburg County, North Carolina",3764,320,29772
481,1500000US371190060051,371190060051,"Block Group 1, Census Tract 60.05, Mecklenburg County, North Carolina",2997,402,23815
482,1500000US371190060061,371190060061,"Block Group 1, Census Tract 60.06, Mecklenburg County, North Carolina",3597,890,17551
483,1500000US371190060062,371190060062,"Block Group 2, Census Tract 60.06, Mecklenburg County, North Carolina",2291,800,18704
484,1500000US371190060063,371190060063,"Block Group 3, Census Tract 60.06, Mecklenburg County, North Carolina",1762,586,17486
485,1500000US371190060071,371190060071,"Block Group 1, Census Tract 60.07, Mecklenburg County, North Carolina",3459,477,21547
486,1500000US371190060072,371190060072,"Block Group 2, Census Tract 60.07, Mecklenburg County, North Carolina",1557,351,42937
487,1500000US371190060073,371190060073,"Block Group 3, Census Tract 60.07, Mecklenburg County, North Carolina",2457,439,44916
488,1500000US371190060081,371190060081,"Block Group 1, Census Tract 60.08, Mecklenburg County, North Carolina",1704,296,37243
489,1500000US371190060082,371190060082,"Block Group 2, Census Tract 60.08, Mecklenburg County, North Carolina",2453,272,27430
490,1500000US371190060091,371190060091,"Block Group 1, Census Tract 60.09, Mecklenburg County, North Carolina",1464,345,22577
491,1500000US371190060092,371190060092,"Block Group 2, Census Tract 60.09, Mecklenburg County, North Carolina",1703,277,28680
492,1500000US371190060101,371190060101,"Block Group 1, Census Tract 60.10, Mecklenburg County, North Carolina",2390,565,22195
493,1500000US371190060102,371190060102,"Block Group 2, Census Tract 60.10, Mecklenburg County, North Carolina",2064,713,19814
494,1500000US371190060103,371190060103,"Block Group 3, Census Tract 60.10, Mecklenburg County, North Carolina",1843,714,17237
495,1500000US371190060104,371190060104,"Block Group 4, Census Tract 60.10, Mecklenburg County, North Carolina",880,435,17074
496,1500000US371190061031,371190061031,"Block Group 1, Census Tract 61.03, Mecklenburg County, North Carolina",2096,270,58452
497,1500000US371190061032,371190061032,"Block Group 2, Census Tract 61.03, Mecklenburg County, North Carolina",1653,310,35398
498,1500000US371190061041,371190061041,"Block Group 1, Census Tract 61.04, Mecklenburg County, North Carolina",1520,645,19723
499,1500000US371190061042,371190061042,"Block Group 2, Census Tract 61.04, Mecklenburg County, North Carolina",1422,522,35047
500,1500000US371190061043,371190061043,"Block Group 3, Census Tract 61.04, Mecklenburg County, North Carolina",3996,817,28069
501,1500000US371190061044,371190061044,"Block Group 4, Census Tract 61.04, Mecklenburg County, North Carolina",2105,758,22326
502,1500000US371190061051,371190061051,"Block Group 1, Census Tract 61.05, Mecklenburg County, North Carolina",3186,271,30240
503,1500000US371190061061,371190061061,"Block Group 1, Census Tract 61.06, Mecklenburg County, North Carolina",2522,448,31658
504,1500000US371190061062,371190061062,"Block Group 2, Census Tract 61.06, Mecklenburg County, North Carolina",2011,365,38280
505,1500000US371190061071,371190061071,"Block Group 1, Census Tract 61.07, Mecklenburg County, North Carolina",3404,666,30921
506,1500000US371190061072,371190061072,"Block Group 2, Census Tract 61.07, Mecklenburg County, North Carolina",2106,514,39567
507,1500000US371190061081,371190061081,"Block Group 1, Census Tract 61.08, Mecklenburg County, North Carolina",2482,422,28211
508,1500000US371190061082,371190061082,"Block Group 2, Census Tract 61.08, Mecklenburg County, North Carolina",2493,398,21956
509,1500000US371190061091,371190061091,"Block Group 1, Census Tract 61.09, Mecklenburg County, North Carolina",4509,519,19079
510,1500000US371190062031,371190062031,"Block Group 1, Census Tract 62.03, Mecklenburg County, North Carolina",1217,240,67965
511,1500000US371190062032,371190062032,"Block Group 2, Census Tract 62.03, Mecklenburg County, North Carolina",2146,346,49076
512,1500000US371190062033,371190062033,"Block Group 3, Census Tract 62.03, Mecklenburg County, North Carolina",1612,321,70396
513,1500000US371190062041,371190062041,"Block Group 1, Census Tract 62.04, Mecklenburg County, North Carolina",1999,424,94868
514,1500000US371190062042,371190062042,"Block Group 2, Census Tract 62.04, Mecklenburg County, North Carolina",1396,368,70586
515,1500000US371190062043,371190062043,"Block Group 3, Census Tract 62.04, Mecklenburg County, North Carolina",2862,471,79555
516,1500000US371190062044,371190062044,"Block Group 4, Census Tract 62.04, Mecklenburg County, North Carolina",1308,358,47270
517,1500000US371190062081,371190062081,"Block Group 1, Census Tract 62.08, Mecklenburg County, North Carolina",3122,396,44155
518,1500000US371190062091,371190062091,"Block Group 1, Census Tract 62.09, Mecklenburg County, North Carolina",727,206,40814
519,1500000US371190062092,371190062092,"Block Group 2, Census Tract 62.09, Mecklenburg County, North Carolina",1853,509,50223
520,1500000US371190062093,371190062093,"Block Group 3, Census Tract 62.09, Mecklenburg County, North Carolina",1964,302,41402
521,1500000US371190062101,371190062101,"Block Group 1, Census Tract 62.10, Mecklenburg County, North Carolina",3041,386,41607
522,1500000US371190062102,371190062102,"Block Group 2, Census Tract 62.10, Mecklenburg County, North Carolina",1513,204,44099
523,1500000US371190062111,371190062111,"Block Group 1, Census Tract 62.11, Mecklenburg County, North Carolina",3620,478,59258
524,1500000US371190062112,371190062112,"Block Group 2, Census Tract 62.11, Mecklenburg County, North Carolina",2683,408,46581
525,1500000US371190062121,371190062121,"Block Group 1, Census Tract 62.12, Mecklenburg County, North Carolina",2236,258,39726
526,1500000US371190062122,371190062122,"Block Group 2, Census Tract 62.12, Mecklenburg County, North Carolina",1214,229,31242
527,1500000US371190062131,371190062131,"Block Group 1, Census Tract 62.13, Mecklenburg County, North Carolina",3405,503,41898
528,1500000US371190062132,371190062132,"Block Group 2, Census Tract 62.13, Mecklenburg County, North Carolina",2687,419,39668
529,1500000US371190062141,371190062141,"Block Group 1, Census Tract 62.14, Mecklenburg County, North Carolina",1604,309,33922
530,1500000US371190062142,371190062142,"Block Group 2, Census Tract 62.14, Mecklenburg County, North Carolina",2654,296,38663
531,1500000US371190062151,371190062151,"Block Group 1, Census Tract 62.15, Mecklenburg County, North Carolina",2104,338,27918
532,1500000US371190062152,371190062152,"Block Group 2, Census Tract 62.15, Mecklenburg County, North Carolina",2498,373,32582
533,1500000US371190063021,371190063021,"Block Group 1, Census Tract 63.02, Mecklenburg County, North Carolina",3480,460,44615
534,1500000US371190063022,371190063022,"Block Group 2, Census Tract 63.02, Mecklenburg County, North Carolina",1732,452,30373
535,1500000US371190063023,371190063023,"Block Group 3, Census Tract 63.02, Mecklenburg County, North Carolina",2820,591,47022
536,1500000US371190063031,371190063031,"Block Group 1, Census Tract 63.03, Mecklenburg County, North Carolina",1869,416,28384
537,1500000US371190063032,371190063032,"Block Group 2, Census Tract 63.03, Mecklenburg County, North Carolina",3943,496,41477
538,1500000US371190063041,371190063041,"Block Group 1, Census Tract 63.04, Mecklenburg County, North Carolina",610,277,47122
539,1500000US371190063042,371190063042,"Block Group 2, Census Tract 63.04, Mecklenburg County, North Carolina",4034,422,47546
540,1500000US371190063043,371190063043,"Block Group 3, Census Tract 63.04, Mecklenburg County, North Carolina",2166,507,28387
541,1500000US371190064031,371190064031,"Block Group 1, Census Tract 64.03, Mecklenburg County, North Carolina",2222,349,41987
542,1500000US371190064032,371190064032,"Block Group 2, Census Tract 64.03, Mecklenburg County, North Carolina",1686,250,11413
543,1500000US371190064033,371190064033,"Block Group 3, Census Tract 64.03, Mecklenburg County, North Carolina",1653,320,64743
544,1500000US371190064041,371190064041,"Block Group 1, Census Tract 64.04, Mecklenburg County, North Carolina",2284,304,67189
545,1500000US371190064042,371190064042,"Block Group 2, Census Tract 64.04, Mecklenburg County, North Carolina",3578,389,66949
546,1500000US371190064051,371190064051,"Block Group 1, Census Tract 64.05, Mecklenburg County, North Carolina",2644,366,37101
547,1500000US371190064052,371190064052,"Block Group 2, Census Tract 64.05, Mecklenburg County, North Carolina",1712,279,45799
548,1500000US371190064061,371190064061,"Block Group 1, Census Tract 64.06, Mecklenburg County, North Carolina",1809,530,27418
549,1500000US371190064062,371190064062,"Block Group 2, Census Tract 64.06, Mecklenburg County, North Carolina",1066,383,38356
550,1500000US371190064063,371190064063,"Block Group 3, Census Tract 64.06, Mecklenburg County, North Carolina",3692,569,36003
551,1500000US371190064071,371190064071,"Block Group 1, Census Tract 64.07, Mecklenburg County, North Carolina",1596,288,35151
552,1500000US371190064072,371190064072,"Block Group 2, Census Tract 64.07, Mecklenburg County, North Carolina",2439,214,37315
553,1500000US371199801001,371199801001,"Block Group 1, Census Tract 9801, Mecklenburg County, North Carolina",0,12,-
554,1500000US371199802001,371199802001,"Block Group 1, Census Tract 9802, Mecklenburg County, North Carolina",0,12,-
555,1500000US371199803001,371199803001,"Block Group 1, Census Tract 9803, Mecklenburg County, North Carolina",0,12,-
